intensities,wavelengths
-0.41443088814394247,397.4190605
-24.366281795437423,397.5294444724215
-7.254112203480991,397.6398207881322
12.11728766691566,397.7501894448011
-2.6939953582441856,397.8605504400975
23.50111608951119,397.97090377169036
-4.9738891291286,398.081249437249
5.283039623410752,398.19158743444234
-12.956110599981013,398.3019177609398
12.11728766691566,398.4122404144103
-1.554171960805506,398.522555392523
-7.254112203480991,398.6328626929471
-8.394347230003794,398.7431623133517
-4.9738891291286,398.853454251406
-17.51919118652927,398.96373850477914
7.561451577283042,399.07401507114014
20.086831776222745,399.1842839481582
-17.51919118652927,399.2945451335025
3.004298386532686,399.40479862484216
10.978452119068958,399.5150444198463
1.8648042849232114,399.62528251618403
-0.41443088814394247,399.73551291152444
-1.554171960805506,399.84573560353687
-9.53466458291488,399.95595058989034
6.422286760280921,400.066157868254
32.60225327550395,400.1763574362969
54.19635162622983,400.28654929168823
21.22500884891526,400.39673343209716
13.256040900381308,400.5069098551929
29.189944002275855,400.61707855864444
26.91465971662359,400.727239540121
30.327462711786506,400.83739279729167
38.287789808701476,400.9475383278256
40.56142852581555,401.05767612939206
29.189944002275855,401.16780619966005
16.67180672776117,401.27792853629865
22.363103619406473,401.3880431369771
14.394711820760136,401.4981499993645
39.42465029998735,401.60824912113003
47.38037046953125,401.7183404999428
17.81023071729845,401.82842413347197
47.38037046953125,401.93850001938665
24.63904626110886,402.048568155356
16.67180672776117,402.1586285390492
20.086831776222745,402.2686811681353
43.97126963925204,402.37872604028337
18.94857239957888,402.4887631531627
20.086831776222745,402.59879250444243
31.464899135419387,402.7088140917916
7.561451577283042,402.8188279128794
40.56142852581555,402.928833965375
30.327462711786506,403.03883224694744
40.56142852581555,403.148822755266
39.42465029998735,403.2588054879997
24.63904626110886,403.3687804428177
55.332060682293566,403.4787476173891
48.516572920157614,403.5887070093832
40.56142852581555,403.69865861646895
25.7768941361435,403.8086024363156
25.7768941361435,403.9185384665922
18.94857239957888,404.028466704968
30.327462711786506,404.1383871491121
28.052343004621996,404.2482997966936
39.42465029998735,404.35820464538153
23.50111608951119,404.4681016928453
41.69812448902428,404.5779909367539
31.464899135419387,404.6878723747764
43.97126963925204,404.7977460045821
43.97126963925204,404.9076118238399
24.63904626110886,405.0174698302192
26.91465971662359,405.127320021389
33.73952513443354,405.2371623950185
28.052343004621996,405.3469969487767
9.839534255612453,405.45682368033283
33.73952513443354,405.56664258735617
34.876714714665354,405.6764536675156
20.086831776222745,405.7862569184805
8.700534075382977,405.89605233791974
66.68462977588516,406.00583992350266
39.42465029998735,406.1156196728984
23.50111608951119,406.225391583776
24.63904626110886,406.33515565380463
43.97126963925204,406.4449118806535
47.38037046953125,406.5546602619916
13.256040900381308,406.6644007954882
33.73952513443354,406.7741334788124
26.91465971662359,406.8838583096333
22.363103619406473,406.99357528562007
55.332060682293566,407.10328440444187
42.83473819251495,407.21298566376777
55.332060682293566,407.322679061267
57.603232138117455,407.4323645946086
34.876714714665354,407.5420422614618
16.67180672776117,407.6517120594957
39.42465029998735,407.76137398637945
39.42465029998735,407.8710280397821
24.63904626110886,407.9806742173729
48.516572920157614,408.090312516821
39.42465029998735,408.19994293579543
18.94857239957888,408.3095654719654
14.394711820760136,408.419180123
38.287789808701476,408.5287868865684
46.24408577463838,408.6383857603398
34.876714714665354,408.7479767419832
43.97126963925204,408.8575598291679
67.81943462636737,408.9671350195629
10.978452119068958,409.0767023108374
31.464899135419387,409.1862617006605
39.42465029998735,409.2958131867014
23.50111608951119,409.4053567666291
72.35783231494857,409.51489243811295
55.332060682293566,409.624420198822
28.052343004621996,409.73394004642535
25.7768941361435,409.84345197859216
30.327462711786506,409.9529559929915
47.38037046953125,410.0624520872926
32.60225327550395,410.1719402591646
29.189944002275855,410.2814205062766
47.38037046953125,410.3908928262978
-4.9738891291286,410.50035721689716
16.67180672776117,410.60981367574396
59.87407474394285,410.7192622005074
32.60225327550395,410.8287027888565
41.69812448902428,410.93813543846045
25.7768941361435,411.0475601469883
23.50111608951119,411.15697691210937
43.97126963925204,411.2663857314927
30.327462711786506,411.3757866028073
29.189944002275855,411.4851795237225
28.052343004621996,411.59456449190736
40.56142852581555,411.70394150503097
50.78873110178775,411.8133105607626
12.11728766691566,411.9226716567713
38.287789808701476,412.03202479072615
46.24408577463838,412.14136996029634
46.24408577463838,412.25070716315116
56.467687518351276,412.36003639695946
39.42465029998735,412.4693576593906
54.19635162622983,412.5786709481136
24.63904626110886,412.68797626079777
61.009372737740314,412.797273595112
72.35783231494857,412.9065629487256
50.78873110178775,413.0158443193076
38.287789808701476,413.12511770452727
70.08879780445486,413.23438310205364
38.287789808701476,413.3436405095559
31.464899135419387,413.45288992470313
34.876714714665354,413.5621313451645
33.73952513443354,413.6713647686092
20.086831776222745,413.78059019270637
46.24408577463838,413.889807615125
61.009372737740314,413.9990170335343
30.327462711786506,414.1082184456036
38.287789808701476,414.2174118490018
37.150847049182985,414.3265972413981
37.150847049182985,414.43577462046164
32.60225327550395,414.5449439838616
40.56142852581555,414.65410532926705
29.189944002275855,414.76325865434717
26.91465971662359,414.8724039567711
41.69812448902428,414.981541234208
32.60225327550395,415.09067048432695
31.464899135419387,415.1997917047972
38.287789808701476,415.3089048932877
29.189944002275855,415.41801004746776
39.42465029998735,415.5271071650063
67.81943462636737,415.6361962435728
58.73869454536857,415.74527728083615
29.189944002275855,415.85435027446556
39.42465029998735,415.9634152221301
40.56142852581555,416.07247212149895
42.83473819251495,416.1815209702413
36.01382201872032,416.2905617660263
20.086831776222745,416.399594506523
36.01382201872032,416.5086191894005
18.94857239957888,416.6176358123281
36.01382201872032,416.7266443729748
54.19635162622983,416.83564486900985
23.50111608951119,416.94463729810235
36.01382201872032,417.05362165792127
37.150847049182985,417.16259794613603
31.464899135419387,417.27156616041555
43.97126963925204,417.38052629842906
40.56142852581555,417.4894783578457
53.06056034650753,417.5984223363346
37.150847049182985,417.7073582315649
36.01382201872032,417.8162860412057
30.327462711786506,417.92520576292617
10.978452119068958,418.0341173943955
42.83473819251495,418.1430209332827
51.92468683953624,418.251916377257
46.24408577463838,418.36080372398754
38.287789808701476,418.46968297114347
39.42465029998735,418.57855411639383
53.06056034650753,418.6874171574078
41.69812448902428,418.79627209185463
53.06056034650753,418.90511891740334
48.516572920157614,419.0139576317231
59.87407474394285,419.122788232483
29.189944002275855,419.2316107173523
42.83473819251495,419.340425084
41.69812448902428,419.4492313300953
31.464899135419387,419.55802945330737
54.19635162622983,419.66681945130534
42.83473819251495,419.77560132175824
41.69812448902428,419.88437506233544
38.287789808701476,419.99314067070577
32.60225327550395,420.10189814453855
29.189944002275855,420.210647481503
32.60225327550395,420.31938867926806
73.49222633116668,420.428121735503
59.87407474394285,420.53684664787687
30.327462711786506,420.6455634140589
47.38037046953125,420.75427203171824
36.01382201872032,420.8629724985239
50.78873110178775,420.97166481214515
40.56142852581555,421.08034897025095
55.332060682293566,421.1890249705107
57.603232138117455,421.29769281059333
48.516572920157614,421.40635248816807
49.65269312979607,421.515004000904
40.56142852581555,421.6236473464703
17.81023071729845,421.7322825225361
57.603232138117455,421.84090952677053
25.7768941361435,421.94952835684273
61.009372737740314,422.0581390104219
65.54974274531749,422.16674148517706
51.92468683953624,422.2753357787774
70.08879780445486,422.3839218888921
96.16286108841535,422.49249981319025
134.62764919021075,422.60106954934093
123.324306898812,422.70963109501344
156.08146621650837,422.8181844478769
150.43858529178803,422.92672960560026
72.35783231494857,423.03526656585285
82.56442134785357,423.14379532630363
62.144588530722594,423.2523158846219
50.78873110178775,423.36082823847676
56.467687518351276,423.46933238553726
34.876714714665354,423.5778283234726
42.83473819251495,423.686316049952
48.516572920157614,423.7947955626445
49.65269312979607,423.90326685921923
55.332060682293566,424.0117299373454
47.38037046953125,424.120184794692
39.42465029998735,424.2286314289284
56.467687518351276,424.33706983772356
43.97126963925204,424.4455000187466
75.76076790871437,424.5539219696668
55.332060682293566,424.6623356881532
57.603232138117455,424.770741171875
63.27972212691288,424.87913841850127
55.332060682293566,424.9875274257012
80.29686537781308,425.09590819114385
50.78873110178775,425.2042807124985
48.516572920157614,425.3126449874341
48.516572920157614,425.42100101362
49.65269312979607,425.52934878872514
53.06056034650753,425.63768831041875
40.56142852581555,425.74601957637003
49.65269312979607,425.854342584248
45.107718832263046,425.96265733172186
54.19635162622983,426.0709638164608
39.42465029998735,426.17926203613376
50.78873110178775,426.2875519884101
48.516572920157614,426.3958336709589
58.73869454536857,426.5041070814492
53.06056034650753,426.6123722175502
63.27972212691288,426.7206290769311
48.516572920157614,426.828877657261
50.78873110178775,426.937117956209
59.87407474394285,427.04534997144424
57.603232138117455,427.1535737006359
59.87407474394285,427.26178914145305
82.56442134785357,427.369996291565
66.68462977588516,427.4781951486406
63.27972212691288,427.58638571034925
55.332060682293566,427.6945679743599
59.87407474394285,427.8027419383419
76.89491547949318,427.9109075999642
50.78873110178775,428.019064956896
51.92468683953624,428.1272140068064
75.76076790871437,428.2353547473646
78.02898091134217,428.3434871762398
67.81943462636737,428.451611291101
57.603232138117455,428.5597270896174
58.73869454536857,428.6678345694581
55.332060682293566,428.7759337282923
57.603232138117455,428.88402456378907
70.08879780445486,428.9921070736176
71.22335614090234,429.10018125544707
76.89491547949318,429.20824710694643
70.08879780445486,429.316304625785
61.009372737740314,429.4243538096319
55.332060682293566,429.53239465615627
71.22335614090234,429.64042716302714
63.27972212691288,429.7484513279137
71.22335614090234,429.8564671484852
72.35783231494857,429.9644746224106
79.16296420913687,430.0724737473592
102.95764976696134,430.180464521
88.23187437043654,430.28844694100223
91.63136109180108,430.396421005035
71.22335614090234,430.50438671076745
93.89727520910746,430.6123440558687
63.27972212691288,430.72029303800787
84.83164886215066,430.82823365485416
85.96513946137208,430.9361659040767
81.43068442236668,431.0440897833446
59.87407474394285,431.15200529032694
41.69812448902428,431.259912422693
56.467687518351276,431.3678111781118
73.49222633116668,431.47570155425257
75.76076790871437,431.5835835487843
81.43068442236668,431.6914571593763
55.332060682293566,431.7993223836976
90.49828092965915,431.9071792194174
67.81943462636737,432.0150276642048
64.41477353039583,432.12286771572894
45.107718832263046,432.23069937165894
59.87407474394285,432.338522629664
67.81943462636737,432.4463374874132
93.89727520910746,432.5541439425757
74.62653819419049,432.66194199282063
49.65269312979607,432.76973163581715
90.49828092965915,432.87751286923435
74.62653819419049,432.9852856907415
66.68462977588516,433.09305009800755
61.009372737740314,433.2008060887017
57.603232138117455,433.30855366049315
72.35783231494857,433.416292811051
70.08879780445486,433.52402353804445
55.332060682293566,433.6317458391424
53.06056034650753,433.73945971201437
61.009372737740314,433.84716515432916
70.08879780445486,433.9548621637561
68.95415730109372,434.06255073796433
56.467687518351276,434.1702308746228
61.009372737740314,434.2779025714009
72.35783231494857,434.38556582596755
74.62653819419049,434.49322063599203
75.76076790871437,434.6008669991433
56.467687518351276,434.7085049130908
55.332060682293566,434.81613437550345
61.009372737740314,434.9237553840505
68.95415730109372,435.0313679364009
62.144588530722594,435.1389720302239
54.19635162622983,435.2465676631887
78.02898091134217,435.3541548329644
75.76076790871437,435.46173353722014
72.35783231494857,435.56930377362494
62.144588530722594,435.67686553984817
75.76076790871437,435.7844188335588
57.603232138117455,435.89196365242594
65.54974274531749,435.99949999411893
62.144588530722594,436.1070278563067
64.41477353039583,436.21454723665835
66.68462977588516,436.3220581328432
82.56442134785357,436.4295605425304
57.603232138117455,436.5370544633889
80.29686537781308,436.64453989308794
93.89727520910746,436.75201682929674
61.009372737740314,436.85948526968434
84.83164886215066,436.9669452119199
79.16296420913687,437.0743966536725
64.41477353039583,437.18183959261137
47.38037046953125,437.28927402640556
79.16296420913687,437.3966999527243
78.02898091134217,437.5041173692368
61.009372737740314,437.6115262736119
70.08879780445486,437.718926663519
76.89491547949318,437.8263185366272
57.603232138117455,437.9337018906055
73.49222633116668,438.04107672312324
80.29686537781308,438.14844303184935
85.96513946137208,438.2558008144531
73.49222633116668,438.36315006860366
105.22192316758158,438.47049079197006
109.74948602990327,438.57782298222145
71.22335614090234,438.68514663702706
55.332060682293566,438.79246175405603
68.95415730109372,438.8997683309774
64.41477353039583,439.00706636546033
89.36511869104865,439.11435585517387
90.49828092965915,439.22163679778737
85.96513946137208,439.32890919096985
82.56442134785357,439.4361730323905
90.49828092965915,439.5434283197184
85.96513946137208,439.6506750506226
91.63136109180108,439.7579132227725
81.43068442236668,439.86514283383696
97.29553095328032,439.97236388148536
64.41477353039583,440.07957636338665
62.144588530722594,440.18678027721
85.96513946137208,440.2939756206246
75.76076790871437,440.40116239129964
57.603232138117455,440.5083405869042
95.03010917563384,440.6155102051072
98.42811877611591,440.7226712435782
110.88117179569915,440.8298236999861
73.49222633116668,440.93696757199996
92.7643591830667,441.04410285728915
73.49222633116668,441.15122955352257
73.49222633116668,441.2583476583695
106.35393686597347,441.3654571694991
70.08879780445486,441.4725580845804
66.68462977588516,441.57965040128255
82.56442134785357,441.6867341172748
115.40709525732184,441.79380923022615
89.36511869104865,441.9008757378059
93.89727520910746,442.00793363768304
95.03010917563384,442.11498292752674
104.08982747000965,442.22202360500614
108.61771829069288,442.3290556677904
108.61771829069288,442.4360791135487
85.96513946137208,442.5430939399501
114.27573731874784,442.6501001446638
122.19352239325579,442.7570977253589
87.09854796234912,442.86408667970454
84.83164886215066,442.9710670053699
108.61771829069288,443.078038700024
109.74948602990327,443.18500176133614
106.35393686597347,443.2919561869753
123.324306898812,443.39890197461074
138.01705613050842,443.5058391219116
132.3676354998277,443.6127676265469
133.4976832565756,443.7196874861858
150.43858529178803,443.8265986984976
102.95764976696134,443.9335012611513
127.84662608808912,444.0403951718161
107.48586857153974,444.14728042816097
87.09854796234912,444.2541570278553
108.61771829069288,444.3610249685681
95.03010917563384,444.4678842479684
116.5383712559871,444.5747348637256
123.324306898812,444.6815768135086
117.66956532161713,444.7884100949867
132.3676354998277,444.89523470582895
115.40709525732184,445.0020506437045
109.74948602990327,445.1088579062824
121.06265598988853,445.215656491232
114.27573731874784,445.3224463962223
132.3676354998277,445.4292276189224
162.85022874651835,445.5360001570015
157.2097973952652,445.6427640081288
161.7223057185537,445.7495191699733
123.324306898812,445.8562656402043
132.3676354998277,445.96300341649084
81.43068442236668,446.06973249650196
100.69304831954122,446.176452877907
117.66956532161713,446.283164558375
84.83164886215066,446.3898675355751
82.56442134785357,446.49656180717636
87.09854796234912,446.60324737084807
100.69304831954122,446.7099242242592
99.56062456286806,446.8165923650791
116.5383712559871,446.9232517909768
101.82539005219849,447.02990249962136
115.40709525732184,447.136544488682
107.48586857153974,447.24317775582784
125.58563024541054,447.349802298728
127.84662608808912,447.4564181150517
104.08982747000965,447.56302520246794
107.48586857153974,447.669623558646
109.74948602990327,447.7762131812549
116.5383712559871,447.8827940679639
141.40572694618132,447.9893662164421
112.0127755946665,448.0959296243584
108.61771829069288,448.2024842893823
117.66956532161713,448.3090302091828
96.16286108841535,448.415567381429
89.36511869104865,448.52209580379
83.69807615938966,448.62861547393504
109.74948602990327,448.7351263895333
109.74948602990327,448.8416285482537
101.82539005219849,448.9481219477656
119.93170768155144,449.05460658573804
93.89727520910746,449.16108245984015
92.7643591830667,449.2675495677411
116.5383712559871,449.37400790711
126.71616910105412,449.480457475616
123.324306898812,449.5868982709282
102.95764976696134,449.69333029071583
121.06265598988853,449.799753532648
93.89727520910746,449.9061679943938
102.95764976696134,450.0125736736224
102.95764976696134,450.11897056800285
87.09854796234912,450.22535867520446
107.48586857153974,450.33173799289625
113.14429743344897,450.4381085187474
117.66956532161713,450.54447025042697
134.62764919021075,450.6508231856042
80.29686537781308,450.7571673219482
90.49828092965915,450.8635026571281
82.56442134785357,450.9698291888131
68.95415730109372,451.0761469146721
97.29553095328032,451.1824558323745
81.43068442236668,451.28875593958935
98.42811877611591,451.39504723398585
107.48586857153974,451.50132971323296
85.96513946137208,451.607603375
134.62764919021075,451.71386821695603
93.89727520910746,451.8201242367702
118.80067746114263,451.92637143211164
109.74948602990327,452.0326098006494
96.16286108841535,452.13883934005287
130.10729448615757,452.245060047991
100.69304831954122,452.3512719221329
90.49828092965915,452.45747496014775
116.5383712559871,452.5636691597048
121.06265598988853,452.669854518473
91.63136109180108,452.7760310341216
96.16286108841535,452.88219870431976
107.48586857153974,452.98835752673654
112.0127755946665,453.09450749904113
125.58563024541054,453.2006486189026
135.75753330851208,453.30678088399026
131.23750591224402,453.412904291973
116.5383712559871,453.5190188405201
123.324306898812,453.6251245273007
93.89727520910746,453.73122134998397
126.71616910105412,453.837309306239
112.0127755946665,453.94338839373495
92.7643591830667,454.04945861014085
78.02898091134217,454.155519953126
116.5383712559871,454.2615724203594
123.324306898812,454.36761600951024
121.06265598988853,454.47365071824765
110.88117179569915,454.5796765442409
106.35393686597347,454.68569348515894
95.03010917563384,454.79170153867096
85.96513946137208,454.89770070244623
124.45500951377282,455.00369097415364
107.48586857153974,455.10967235146256
113.14429743344897,455.21564483204196
107.48586857153974,455.32160841356114
116.5383712559871,455.42756309368906
140.27625178591217,455.533508870095
135.75753330851208,455.6394457404481
109.74948602990327,455.74537370241734
99.56062456286806,455.851292753672
118.80067746114263,455.9572028918812
122.19352239325579,456.063104114714
105.22192316758158,456.1689964198397
118.80067746114263,456.27487980492725
138.01705613050842,456.38075426764584
96.16286108841535,456.4866198056647
112.0127755946665,456.5924764166529
101.82539005219849,456.6983240982796
123.324306898812,456.80416284821393
89.36511869104865,456.90999266412496
107.48586857153974,457.015813543682
133.4976832565756,457.121625484554
122.19352239325579,457.22742848441015
109.74948602990327,457.33322254091973
124.45500951377282,457.4390076517516
128.97700121395746,457.54478381457517
121.06265598988853,457.65055102705946
122.19352239325579,457.7563092868736
108.61771829069288,457.8620585916867
114.27573731874784,457.967798939168
117.66956532161713,458.07353032698654
127.84662608808912,458.1792527528115
109.74948602990327,458.28496621431213
121.06265598988853,458.3906707091573
138.01705613050842,458.49636623501635
123.324306898812,458.6020527895584
118.80067746114263,458.7077303704525
126.71616910105412,458.813398975368
131.23750591224402,458.9190586019737
147.05187639937355,459.024709247939
135.75753330851208,459.130350910933
126.71616910105412,459.2359835886247
121.06265598988853,459.34160727868334
130.10729448615757,459.4472219787781
112.0127755946665,459.55282768657815
112.0127755946665,459.6584243997525
112.0127755946665,459.7640121159703
131.23750591224402,459.8695908329007
123.324306898812,459.9751605482129
144.7936618547782,460.080721259576
162.85022874651835,460.18627296465917
161.7223057185537,460.29181566113147
154.95305338073598,460.3973493466621
122.19352239325579,460.5028740189202
148.1808610783318,460.6083896755749
114.27573731874784,460.71389631429525
133.4976832565756,460.8193939327506
145.92280999431864,460.9248825286098
153.82455887912215,461.0303620995423
152.6959827028952,461.135832643217
144.7936618547782,461.2412941573031
157.2097973952652,461.3467466394698
133.4976832565756,461.45219008738616
144.7936618547782,461.5576244987214
132.3676354998277,461.6630498711446
151.5673248433381,461.768466202325
136.88733561931443,461.8738734899315
166.2335082497423,461.9792717316334
145.92280999431864,462.08466092509985
165.1058300028818,462.190041068
175.25199831258138,462.2954121580029
148.1808610783318,462.40077419277776
141.40572694618132,462.5061271699937
178.63258709192763,462.61147108731984
151.5673248433381,462.71680594242537
102.95764976696134,462.82213173297936
134.62764919021075,462.92744845665095
182.01244264867643,463.0327561111094
170.74340557959664,463.1380546940237
163.9780701715597,463.243344203063
186.5177766231529,463.3486246358965
175.25199831258138,463.4538959901933
141.40572694618132,463.55915826362263
140.27625178591217,463.6644114538535
167.36110492145252,463.7696555585552
151.5673248433381,463.8748905753966
166.2335082497423,463.9801165020471
176.37894272469984,464.0853333361757
170.74340557959664,464.1905410754517
168.48862002737727,464.295739717544
163.9780701715597,464.40092926012187
134.62764919021075,464.5061097008545
127.84662608808912,464.61128103741095
147.05187639937355,464.71644326746036
157.2097973952652,464.8215963886719
134.62764919021075,464.9267403987146
178.63258709192763,465.0318752952578
156.08146621650837,465.1370010759705
141.40572694618132,465.2421177385218
153.82455887912215,465.347225280581
165.1058300028818,465.4523236998171
153.82455887912215,465.5574129938993
163.9780701715597,465.6624931604967
141.40572694618132,465.7675641972784
149.3097640396371,465.87262610191357
140.27625178591217,465.9776788720715
145.92280999431864,466.08272250542115
176.37894272469984,466.18775699963163
145.92280999431864,466.2927823523722
141.40572694618132,466.39779856131196
166.2335082497423,466.50280562412007
156.08146621650837,466.6078035384656
157.2097973952652,466.7127923020178
167.36110492145252,466.81777191244566
158.33804692588677,466.9227423674184
153.82455887912215,467.02770366460516
152.6959827028952,467.132655801675
128.97700121395746,467.2375987762972
165.1058300028818,467.3425325861408
133.4976832565756,467.447457228875
161.7223057185537,467.5523727021689
125.58563024541054,467.65727900369166
147.05187639937355,467.76217613111226
166.2335082497423,467.86706408210006
134.62764919021075,467.9719428543241
149.3097640396371,468.0768124454535
156.08146621650837,468.1816728531575
122.19352239325579,468.28652407510515
147.05187639937355,468.3913661089656
156.08146621650837,468.496198952408
145.92280999431864,468.6010226031015
159.46621481730736,468.70583705871513
144.7936618547782,468.8106423169182
153.82455887912215,468.9154383753797
184.26527247378536,469.0202252317689
160.5943010785155,469.12500288375475
174.12497240172243,469.2297713290066
156.08146621650837,469.3345305651935
145.92280999431864,469.43928058998466
180.8859055823578,469.544021401049
143.66443197241844,469.64875299605586
153.82455887912215,469.7534753726743
163.9780701715597,469.85818852857346
161.7223057185537,469.9628924614226
141.40572694618132,470.06758716889055
134.62764919021075,470.1722726486468
169.6160535769348,470.2769488983604
168.48862002737727,470.3816159157003
123.324306898812,470.4862736983358
171.8706760448877,470.590922243936
144.7936618547782,470.69556155017005
143.66443197241844,470.80019161470705
154.95305338073598,470.90481243521623
152.6959827028952,471.0094240093665
159.46621481730736,471.1140263348274
148.1808610783318,471.21861940926766
147.05187639937355,471.3232032303567
123.324306898812,471.42777779576346
150.43858529178803,471.53234310315725
170.74340557959664,471.636899150207
142.53512033896067,471.74144593458203
159.46621481730736,471.8459834539515
127.84662608808912,471.9505117059843
149.3097640396371,472.0550306883498
156.08146621650837,472.1595403987171
144.7936618547782,472.26404083475535
159.46621481730736,472.36853199413355
140.27625178591217,472.4730138745211
142.53512033896067,472.57748647358676
154.95305338073598,472.681949789
144.7936618547782,472.7864038184298
132.3676354998277,472.8908485595454
145.92280999431864,472.99528401001584
125.58563024541054,473.09971016751024
147.05187639937355,473.2041270296979
160.5943010785155,473.30853459424776
141.40572694618132,473.4129328588291
151.5673248433381,473.51732182111095
153.82455887912215,473.6217014787626
163.9780701715597,473.726071829453
168.48862002737727,473.83043287085144
140.27625178591217,473.9347846006269
167.36110492145252,474.03912701644873
113.14429743344897,474.14346011598593
130.10729448615757,474.2477838969076
153.82455887912215,474.352098356883
147.05187639937355,474.4564034935812
148.1808610783318,474.56069930467135
144.7936618547782,474.66498578782256
150.43858529178803,474.76926294070404
139.14669485004038,474.87353076098475
150.43858529178803,474.9777892463341
191.02180822304084,475.08203839442103
160.5943010785155,475.18627820291476
162.85022874651835,475.2905086694844
163.9780701715597,475.3947297917991
135.75753330851208,475.4989415675279
151.5673248433381,475.6031439943401
183.13889827578384,475.7073370699048
149.3097640396371,475.81152079189104
163.9780701715597,475.91569515796795
175.25199831258138,476.01986016580486
172.9978649823859,476.12401581307074
163.9780701715597,476.2281620974348
165.1058300028818,476.33229901656614
186.5177766231529,476.43642656813387
153.82455887912215,476.5405447498072
184.26527247378536,476.6446535592553
188.7699551786652,476.74875299414714
160.5943010785155,476.85284305215197
176.37894272469984,476.95692373093897
162.85022874651835,477.0609950281772
145.92280999431864,477.16505694153585
154.95305338073598,477.269109468684
165.1058300028818,477.3731526072909
194.3989776392114,477.47718635502554
143.66443197241844,477.5812107095571
147.05187639937355,477.68522566855484
161.7223057185537,477.7892312296877
201.15112098193282,477.893227390625
177.5058056478677,477.99721414903576
157.2097973952652,478.1011915025892
172.9978649823859,478.20515944895436
179.75928706677502,478.3091179858005
162.85022874651835,478.4130671107966
187.6439065949905,478.517006821612
162.85022874651835,478.62093711591564
175.25199831258138,478.7248579913767
204.52609549189359,478.82876944566453
172.9978649823859,478.932671476448
209.02492437599142,479.03656408139636
167.36110492145252,479.14044725817877
185.39156525283846,479.2443210044643
216.89474984122285,479.34818531792206
184.26527247378536,479.4520401962214
198.9007316918415,479.5558856370312
185.39156525283846,479.65972163802076
195.52453811340288,479.76354819685906
178.63258709192763,479.8673653112155
221.3900084667627,479.971172978759
200.0259669725371,480.07497119715873
189.89592238454276,480.1787599640839
195.52453811340288,480.28253927720357
184.26527247378536,480.38630913418694
211.27385167853376,480.49006953270316
176.37894272469984,480.59382047042124
179.75928706677502,480.6975619450104
183.13889827578384,480.80129395413985
175.25199831258138,480.90501649547866
175.25199831258138,481.008729566696
169.6160535769348,481.1124331654609
200.0259669725371,481.2161272894427
174.12497240172243,481.3198119363103
195.52453811340288,481.423487103733
178.63258709192763,481.5271527893799
180.8859055823578,481.63080899092
191.02180822304084,481.73445570602274
188.7699551786652,481.83809293235703
207.90033895675504,481.94172066759205
195.52453811340288,482.045338909397
192.14761270462893,482.14894765544096
232.62248286585853,482.252546903393
165.1058300028818,482.3561366509224
174.12497240172243,482.45971689569825
211.27385167853376,482.5632876353896
163.9780701715597,482.66684886766575
172.9978649823859,482.77040059019566
194.3989776392114,482.8739428006486
180.8859055823578,482.97747549669367
168.48862002737727,483.08099867600004
189.89592238454276,483.1845123362367
220.26631542234398,483.28801647507294
178.63258709192763,483.3915110901779
204.52609549189359,483.4949961792207
195.52453811340288,483.5984717398703
179.75928706677502,483.70193776979613
189.89592238454276,483.8053942666672
188.7699551786652,483.9088412281526
192.14761270462893,484.01227865192146
200.0259669725371,484.115706535643
229.25359090799336,484.21912487698626
182.01244264867643,484.32253367362057
193.27333583982818,484.4259329232149
180.8859055823578,484.52932262343825
191.02180822304084,484.6327027719601
216.89474984122285,484.7360733664494
193.27333583982818,484.8394344045753
201.15112098193282,484.9427858840069
221.3900084667627,485.0461278024135
210.14942861280522,485.149460157464
209.02492437599142,485.2527829468277
196.65001727307842,485.3560961681737
202.27619373096047,485.4593998191711
204.52609549189359,485.5626938974891
216.89474984122285,485.66597840079686
176.37894272469984,485.7692533267635
214.6466339633357,485.872518673058
211.27385167853376,485.97577443734974
179.75928706677502,486.0790206173076
176.37894272469984,486.182257210601
222.5136204562242,486.28548421489893
206.77567234380916,486.3887016278705
202.27619373096047,486.4919094471848
222.5136204562242,486.5951076705112
215.77073245910194,486.6982962955186
233.74528496763855,486.80147531987626
227.00725810296962,486.9046447412533
239.35808190330155,487.0078045573189
210.14942861280522,487.110954765742
247.2126019005529,487.214095364192
219.14254131113108,487.3172263503379
228.1304649969305,487.42034772184877
224.76060131787108,487.52345947639395
234.86800614791952,487.62656161164244
248.33435300591395,487.7296541252634
227.00725810296962,487.83273701492595
213.522454342336,487.93581027829924
241.60263457737918,488.0388739130524
243.84686391750756,488.1419279168546
201.15112098193282,488.244972287375
239.35808190330155,488.3480070222826
229.25359090799336,488.45103211924675
225.88397021397773,488.55404757593647
210.14942861280522,488.65705339002085
206.77567234380916,488.76004955916915
211.27385167853376,488.8630360810504
202.27619373096047,488.9660129533337
235.99064641912742,489.0689801736884
213.522454342336,489.1719377397834
210.14942861280522,489.27488564928797
223.63715140261502,489.37782389987126
222.5136204562242,489.48075248920236
238.23568428427106,489.58367141495035
221.3900084667627,489.6865806747845
193.27333583982818,489.7894802663739
216.89474984122285,489.8923701873876
256.18435030421915,489.9952504354948
276.3519195165782,490.0981210083648
231.49959983020193,490.2009819036664
256.18435030421915,490.30383311906894
250.57761296110596,490.40667465224163
234.86800614791952,490.50950650085355
225.88397021397773,490.6123286625737
240.4803986634482,490.71514113507135
227.00725810296962,490.8179439160156
240.4803986634482,490.9207370030756
261.7890710537427,491.02352039392053
250.57761296110596,491.1262940862195
272.9924695394312,491.2290580776415
252.82054999617188,491.33181236585597
240.4803986634482,491.4345569485318
275.23218329222766,491.53729182333825
274.11236663788725,491.6400169879444
288.6637136907433,491.74273244001944
250.57761296110596,491.8454381772324
287.54486125094206,491.9481341972525
298.72977586223897,492.0508204977489
271.87249198277976,492.15349707639064
296.49343440244854,492.256163930847
287.54486125094206,492.358821058787
270.75243395389884,492.46146845787985
264.0303950837038,492.56410612579464
267.3917768942312,492.6667340602005
280.83006039819725,492.7693522587666
258.426480501581,492.87196071916213
251.6991218370874,492.9745594390562
287.54486125094206,493.0771484161178
264.0303950837038,493.1797276480162
265.15093623809133,493.2822971324206
294.2567723307515,493.384856867
283.0686486296948,493.4874068494236
260.6682881508885,493.58994707736065
261.7890710537427,493.69247754848
306.5544478973006,493.79499826045105
266.2713968370149,493.89750921094287
260.6682881508885,494.00001039762464
280.83006039819725,494.10250181816525
267.3917768942312,494.20498347023414
284.1878222434733,494.3074553515004
277.4715753251104,494.409917459633
255.06316421647296,494.51236979230123
271.87249198277976,494.6148123471742
255.06316421647296,494.71724512192094
276.3519195165782,494.81966811421074
246.0907700259943,494.92208132171265
290.90117781426665,495.02448474209575
270.75243395389884,495.1268783730294
265.15093623809133,495.2292622121825
272.9924695394312,495.3316362572244
290.90117781426665,495.43400050582403
283.0686486296948,495.5363549556506
299.8478264002645,495.6386996043733
324.4246982055232,495.74103444966124
293.138321028009,495.84335948918357
312.1410985623657,495.9456747206093
338.9292381410822,496.0479801416078
312.1410985623657,496.1502757498481
290.90117781426665,496.25256154299933
280.83006039819725,496.35483751873056
309.9066782210761,496.45710367471105
276.3519195165782,496.55936000860976
266.2713968370149,496.66160651809605
225.88397021397773,496.76384320083895
312.1410985623657,496.8660700545076
297.61164520132405,496.9682870767711
295.3751434505853,497.0704942652987
306.5544478973006,497.17269161775937
312.1410985623657,497.27487913182244
309.9066782210761,497.37705680515694
297.61164520132405,497.479224635432
303.20149742838197,497.58138262031673
330.00496074640904,497.6835307574804
321.075583640105,497.7856690445921
309.9066782210761,497.8877974793208
338.9292381410822,497.9899160593359
364.5582057119222,498.09202478230634
362.3312651880757,498.1941236459013
362.3312651880757,498.29621264779
362.3312651880757,498.3982917856415
350.077426277426,498.50036105712496
327.7730948934151,498.6024204599096
322.19203495286274,498.7044699916644
348.96296496700234,498.80650965005856
306.5544478973006,498.90853943276124
373.4628029015605,499.01055933744163
389.0336850885361,499.11256936176875
403.478537732432,499.2145695034119
404.589130084426,499.31655976004
392.3682925636761,499.4185401293223
402.36786686150685,499.52051060892796
406.8100793074446,499.6224711965262
425.6754915970319,499.7244218897859
454.4848326204309,499.82636268637646
486.5564528052854,499.92829358396693
507.53375029011653,500.03021458022636
519.6658555803256,500.132125672824
488.76589577639237,500.234026859429
490.97503092566694,500.33591813771034
472.1875584603815,500.4377995053373
505.3269182486481,500.53967095997905
524.0752385315637,500.64153249930456
525.1773935941793,500.7433841209831
509.7402759982001,500.84522582268374
478.82097582123265,500.94705760207574
506.4303725721307,501.04887945682816
453.3777534536128,501.15069138461007
431.2198406692054,501.25249338309067
455.59183417756395,501.3542854499391
454.4848326204309,501.4560675828245
467.76373498233573,501.55783977941604
450.05605008958344,501.65960203738274
423.4572051754271,501.76135435439386
406.8100793074446,501.8630967281185
397.9243978108729,501.9648291562258
365.6715572281278,502.0665516363849
396.81333406240526,502.1682641662649
385.6983687574028,502.26996674353495
358.99026041101115,502.3716593658642
392.3682925636761,502.47334203092186
373.4628029015605,502.57501473637694
358.99026041101115,502.6766774798987
367.8980228570727,502.7783302591562
336.6986464321595,502.8799730718186
342.2745291102936,502.981605915555
332.2365078665833,503.08322878803466
333.35216194269725,503.1848416869265
332.2365078665833,503.2864446098999
315.49212957396236,503.38803755462385
372.350004996227,503.48962051876754
361.21767614536725,503.5911935
350.077426277426,503.69275649599047
367.8980228570727,503.79430950440815
352.3061107662798,503.89585252292216
360.1040078921569,503.9973855492015
366.78482960396684,504.09890858091535
364.5582057119222,504.2004216157329
362.3312651880757,504.30192465132336
350.077426277426,504.4034176853558
341.15951164422205,504.5049007154993
318.8424415618142,504.60637373942296
325.54091017752194,504.7078367547961
354.5344778598081,504.80928975928776
336.6986464321595,504.91073275056704
295.3751434505853,505.0121657263031
314.37519914927384,505.1135886841651
348.96296496700234,505.2150016218222
299.8478264002645,505.31640453694354
302.0836871681543,505.4177974271981
336.6986464321595,505.51918029025524
331.1207741399423,505.62055312378396
331.1207741399423,505.7219159254535
342.2745291102936,505.82326869293297
296.49343440244854,505.92461142389135
304.3192276264472,506.02594411599796
340.0444146600513,506.1272667669219
294.2567723307515,506.22857937433224
300.9657968305164,506.3298819358982
307.67193800080344,506.43117444928885
335.58323120901525,506.5324569121734
345.6191045675255,506.633729322221
315.49212957396236,506.7349916771007
324.4246982055232,506.8362439744817
278.59115073204146,506.937486212033
317.72575076444133,507.038718387424
315.49212957396236,507.1399404983236
319.95905251506923,507.2411525424011
309.9066782210761,507.34235451732553
315.49212957396236,507.44354642076604
283.0686486296948,507.5447282503918
284.1878222434733,507.64590000387204
328.88906766966034,507.7470616788757
308.7893481035731,507.8482132730721
288.6637136907433,507.9493547841302
262.9097733601422,508.05048620971917
284.1878222434733,508.1516075475084
303.20149742838197,508.2527187951667
280.83006039819725,508.3538199503634
311.02392836882245,508.4549110107676
286.4259285395393,508.5559919740484
256.18435030421915,508.657062837875
272.9924695394312,508.7581235999165
272.9924695394312,508.859174257842
287.54486125094206,508.96021480932063
288.6637136907433,509.06124525202165
275.23218329222766,509.1622655836141
280.83006039819725,509.2632758017672
266.2713968370149,509.36427590414996
289.7824858736131,509.4652658884316
297.61164520132405,509.56624575228125
266.2713968370149,509.667215493368
294.2567723307515,509.7681751093611
260.6682881508885,509.8691245979295
276.3519195165782,509.97006395674254
294.2567723307515,510.0709931834692
261.7890710537427,510.1719122757788
249.45602335508116,510.2728212313404
266.2713968370149,510.37372004782304
243.84686391750756,510.47460872289594
244.96885736928192,510.5754872542282
258.426480501581,510.67635563948903
225.88397021397773,510.77721387634733
234.86800614791952,510.87806196247277
220.26631542234398,510.97889989553386
257.30545572812764,511.0797276732001
257.30545572812764,511.18054529314065
216.89474984122285,511.2813527530244
238.23568428427106,511.38215005052075
267.3917768942312,511.4829371832987
247.2126019005529,511.58371414902746
252.82054999617188,511.68448094537604
280.83006039819725,511.7852375700137
234.86800614791952,511.8859840206094
230.37663584834016,511.98672029483254
229.25359090799336,512.0874463903522
267.3917768942312,512.1881623048373
203.4011852306028,512.2888680359572
239.35808190330155,512.389563581381
271.87249198277976,512.4902489387779
268.5120764235433,512.5909241058168
264.0303950837038,512.6915890801671
258.426480501581,512.7922438594976
269.63229543880067,512.8928884414778
244.96885736928192,512.9935228237766
272.9924695394312,513.0941470040635
221.3900084667627,513.1947609800071
261.7890710537427,513.2953647492769
283.0686486296948,513.3959583095419
283.0686486296948,513.4965416584714
249.45602335508116,513.5971147937344
241.60263457737918,513.697677713
267.3917768942312,513.7982304139374
258.426480501581,513.8987728942158
271.87249198277976,513.9993051515042
256.18435030421915,514.0998271834719
253.94189745155336,514.200338987788
269.63229543880067,514.3008405621214
261.7890710537427,514.4013319041414
265.15093623809133,514.5018130115175
232.62248286585853,514.6022838819181
249.45602335508116,514.7027445130129
260.6682881508885,514.803194902471
267.3917768942312,514.9036350479613
260.6682881508885,515.0040649471532
287.54486125094206,515.1044845977156
255.06316421647296,515.2048939973176
278.59115073204146,515.3052931436285
277.4715753251104,515.4056820343177
261.7890710537427,515.5060606670537
283.0686486296948,515.6064290395061
246.0907700259943,515.706787149344
271.87249198277976,515.8071349942363
262.9097733601422,515.9074725718525
275.23218329222766,516.0077998798615
296.49343440244854,516.1081169159324
253.94189745155336,516.2084236777343
274.11236663788725,516.3087201629367
299.8478264002645,516.4090063692083
278.59115073204146,516.5092822942185
292.01978952746373,516.6095479356363
314.37519914927384,516.7098032911309
350.077426277426,516.8100483583717
347.8484242565292,516.9102831350273
371.2371280569235,517.0105076187672
375.68816168184134,517.1107218072605
352.3061107662798,517.2109256981761
482.136642707407,517.3111192891834
489.87050181794643,517.4113025779517
444.518323710018,517.5114755621496
431.2198406692054,517.6116382394467
413.47104450029826,517.711790607512
369.01113700511877,517.8119326640145
371.2371280569235,517.9120644066236
331.1207741399423,518.0121858330083
337.81398207065695,518.1122969408376
337.81398207065695,518.212397727781
380.13793162372593,518.3124881915072
516.3580168998135,518.4125683296854
530.6870259883125,518.5126381399851
505.3269182486481,518.6126976200753
497.60059117698347,518.7127467676249
399.0353829462394,518.8127855803033
405.69964393643545,518.9128140557796
385.6983687574028,519.0128321917227
333.35216194269725,519.1128399858021
365.6715572281278,519.2128374356868
355.64854242622744,519.3128245390454
371.2371280569235,519.412801293548
340.0444146600513,519.5127676968631
288.6637136907433,519.6127237466601
337.81398207065695,519.7126694406079
330.00496074640904,519.812604776376
351.1918082048287,519.9125297516331
341.15951164422205,520.0124443640487
344.5043255551427,520.1123486112917
311.02392836882245,520.2122424910314
321.075583640105,520.3121260009367
315.49212957396236,520.4119991386771
295.3751434505853,520.5118619019215
287.54486125094206,520.611714288339
309.9066782210761,520.711556295599
307.67193800080344,520.8113879213704
325.54091017752194,520.9112091633224
309.9066782210761,521.011020019124
302.0836871681543,521.1108204864445
270.75243395389884,521.2106105629531
312.1410985623657,521.3103902463188
299.8478264002645,521.4101595342108
261.7890710537427,521.5099184242982
274.11236663788725,521.6096669142503
283.0686486296948,521.7094050017361
261.7890710537427,521.8091326844245
287.54486125094206,521.9088499599851
271.87249198277976,522.0085568260866
265.15093623809133,522.1082532803986
313.25818881730277,522.2079393205898
300.9657968305164,522.3076149443297
284.1878222434733,522.4072801492872
305.43687777764154,522.5069349331316
280.83006039819725,522.6065792935317
318.8424415618142,522.706213228157
331.1207741399423,522.8058367346765
298.72977586223897,522.9054498107594
330.00496074640904,523.0050524540749
280.83006039819725,523.1046446622918
278.59115073204146,523.2042264330796
290.90117781426665,523.3037977641073
309.9066782210761,523.4033586530442
300.9657968305164,523.502909097559
314.37519914927384,523.6024490953213
290.90117781426665,523.7019786440001
276.3519195165782,523.8014977412643
312.1410985623657,523.9010063847835
296.49343440244854,524.0005045722263
287.54486125094206,524.0999923012622
302.0836871681543,524.1994695695603
293.138321028009,524.2989363747898
312.1410985623657,524.3983927146196
275.23218329222766,524.497838586719
317.72575076444133,524.5972739887571
295.3751434505853,524.696698918403
293.138321028009,524.796113373326
297.61164520132405,524.8955173511948
293.138321028009,524.9949108496792
293.138321028009,525.094293866448
309.9066782210761,525.1936663991702
280.83006039819725,525.293028445515
307.67193800080344,525.3923800031517
278.59115073204146,525.4917210697494
290.90117781426665,525.591051642977
295.3751434505853,525.690371720504
279.7106457516343,525.7896812999993
275.23218329222766,525.888980379132
294.2567723307515,525.9882689555715
270.75243395389884,526.0875470269867
299.8478264002645,526.1868145910469
365.6715572281278,526.286071645421
343.3894670750065,526.3853181877785
373.4628029015605,526.4845542157881
391.25683546964973,526.5837797271192
400.1462894872634,526.6829947194409
379.0256075455436,526.7821991904225
327.7730948934151,526.8813931377327
355.64854242622744,526.9805765590412
416.8004691523199,527.0797494520168
433.4370339201745,527.1789118143287
401.25711745274117,527.2780636436459
364.5582057119222,527.3772049376378
298.72977586223897,527.4763356939733
295.3751434505853,527.5754559103216
234.86800614791952,527.674565584352
256.18435030421915,527.7736647137335
255.06316421647296,527.8727532961352
278.59115073204146,527.9718313292263
250.57761296110596,528.070898810676
275.23218329222766,528.1699557381534
256.18435030421915,528.2690021093275
270.75243395389884,528.3680379218677
316.60898010709496,528.4670631734427
288.6637136907433,528.5660778617222
261.7890710537427,528.665081984375
293.138321028009,528.7640755390702
275.23218329222766,528.8630585234771
288.6637136907433,528.9620309352649
299.8478264002645,529.0609927721025
325.54091017752194,529.159944031659
299.8478264002645,529.2588847116041
305.43687777764154,529.3578148096061
284.1878222434733,529.4567343233348
305.43687777764154,529.5556432504591
298.72977586223897,529.654541588648
265.15093623809133,529.7534293355708
285.3069155419098,529.8523064888967
287.54486125094206,529.9511730462948
268.5120764235433,530.0500290054342
247.2126019005529,530.1488743639839
260.6682881508885,530.2477091196131
272.9924695394312,530.3465332699914
260.6682881508885,530.4453468127872
247.2126019005529,530.54414974567
241.60263457737918,530.6429420663089
252.82054999617188,530.7417237723732
251.6991218370874,530.8404948615319
238.23568428427106,530.9392553314541
256.18435030421915,531.038005179809
238.23568428427106,531.1367444042655
233.74528496763855,531.2354730024933
241.60263457737918,531.3341909721609
256.18435030421915,531.4328983109378
225.88397021397773,531.5315950164933
205.65092452591728,531.6302810864961
242.7247896578108,531.7289565186154
246.0907700259943,531.8276213105207
237.11320579373688,531.9262754598808
242.7247896578108,532.0249189643649
257.30545572812764,532.1235518216424
247.2126019005529,532.222174029382
255.06316421647296,532.3207855852531
227.00725810296962,532.419386486925
257.30545572812764,532.5179767320666
258.426480501581,532.616556318347
257.30545572812764,532.7151252434355
243.84686391750756,532.813683505001
296.49343440244854,532.912231100713
272.9924695394312,533.0107680282402
266.2713968370149,533.1092942852521
275.23218329222766,533.2078098694176
294.2567723307515,533.3063147784062
298.72977586223897,533.4048090098865
300.9657968305164,533.5032925615282
276.3519195165782,533.601765431
314.37519914927384,533.7002276159712
281.9493946860843,533.798679114111
256.18435030421915,533.8971199230886
261.7890710537427,533.9955500405725
277.4715753251104,534.0939694642328
260.6682881508885,534.1923781917382
244.96885736928192,534.2907762207576
237.11320579373688,534.3891635489606
253.94189745155336,534.487540174016
260.6682881508885,534.585906093593
248.33435300591395,534.6842613053608
270.75243395389884,534.7826058069886
274.11236663788725,534.8809395961453
287.54486125094206,534.9792626705002
334.4677363846916,535.0775750277226
276.3519195165782,535.1758766654814
305.43687777764154,535.2741675814458
308.7893481035731,535.372447773285
270.75243395389884,535.4707172386679
280.83006039819725,535.5689759752639
285.3069155419098,535.6672239807423
264.0303950837038,535.7654612527716
279.7106457516343,535.8636877890217
261.7890710537427,535.9619035871611
277.4715753251104,536.0601086448594
281.9493946860843,536.1583029597854
246.0907700259943,536.2564865296084
277.4715753251104,536.3546593519977
243.84686391750756,536.4528214246222
231.49959983020193,536.550972745151
255.06316421647296,536.6491133112532
251.6991218370874,536.7472431205986
255.06316421647296,536.8453621708553
256.18435030421915,536.9434704596931
238.23568428427106,537.0415679847811
256.18435030421915,537.1396547437884
267.3917768942312,537.2377307343838
277.4715753251104,537.3357959542369
249.45602335508116,537.4338504010166
265.15093623809133,537.5318940723919
244.96885736928192,537.6299269660324
256.18435030421915,537.7279490796068
265.15093623809133,537.8259604107844
272.9924695394312,537.9239609572344
229.25359090799336,538.0219507166258
211.27385167853376,538.1199296866279
248.33435300591395,538.2178978649097
222.5136204562242,538.3158552491404
256.18435030421915,538.4138018369891
275.23218329222766,538.5117376261251
284.1878222434733,538.6096626142172
312.1410985623657,538.7075767989347
308.7893481035731,538.805480177947
298.72977586223897,538.9033727489228
302.0836871681543,539.0012545095316
300.9657968305164,539.0991254574424
300.9657968305164,539.1969855903243
308.7893481035731,539.2948349058463
293.138321028009,539.3926734016779
280.83006039819725,539.4905010754879
296.49343440244854,539.5883179249457
308.7893481035731,539.6861239477204
290.90117781426665,539.7839191414809
296.49343440244854,539.8817035038966
265.15093623809133,539.9794770326363
253.94189745155336,540.0772397253696
270.75243395389884,540.1749915797653
287.54486125094206,540.2727325934928
279.7106457516343,540.3704627642209
298.72977586223897,540.468182089619
308.7893481035731,540.5658905673561
331.1207741399423,540.6635881951015
319.95905251506923,540.7612749705241
328.88906766966034,540.8589508912933
317.72575076444133,540.9566159550782
313.25818881730277,541.0542701595476
323.3084064693266,541.1519135023711
324.4246982055232,541.2495459812175
306.5544478973006,541.3471675937561
370.1241720658182,541.444778337656
352.3061107662798,541.5423782105863
331.1207741399423,541.6399672102164
353.42033397888935,541.7375453342149
384.5864390376209,541.8351125802513
360.1040078921569,541.9326689459949
380.13793162372593,542.0302144291145
395.7021916821157,542.1277490272794
364.5582057119222,542.2252727381588
313.25818881730277,542.3227855594214
351.1918082048287,542.4202874887369
345.6191045675255,542.5177785237744
357.8764336845363,542.6152586622027
365.6715572281278,542.712727901691
347.8484242565292,542.8101862399087
316.60898010709496,542.9076336745246
299.8478264002645,543.0050702032081
335.58323120901525,543.1024958236284
297.61164520132405,543.1999105334543
296.49343440244854,543.297314330355
323.3084064693266,543.394707212
290.90117781426665,543.4920891760581
324.4246982055232,543.5894602201986
337.81398207065695,543.6868203420905
344.5043255551427,543.7841695394031
357.8764336845363,543.8815078098053
330.00496074640904,543.9788351509666
343.3894670750065,544.0761515605558
324.4246982055232,544.1734570362422
343.3894670750065,544.2707515756948
400.1462894872634,544.368035176583
332.2365078665833,544.4653078365758
358.99026041101115,544.5625695533421
395.7021916821157,544.6598203245514
366.78482960396684,544.7570601478727
381.25017679386025,544.8542890209752
391.25683546964973,544.9515069415278
377.913204541207,545.0487139071998
380.13793162372593,545.1459099156605
371.2371280569235,545.2430949645789
397.9243978108729,545.340269051624
380.13793162372593,545.4374321744651
379.0256075455436,545.5345843307714
402.36786686150685,545.6317255182116
402.36786686150685,545.7288557344556
390.1452996507672,545.8259749771718
392.3682925636761,545.9230832440298
370.1241720658182,546.0201805326985
383.4744304826043,546.1172668408473
374.5755217907951,546.214342166145
377.913204541207,546.311406506261
380.13793162372593,546.4084598588643
334.4677363846916,546.505502221624
396.81333406240526,546.6025335922095
387.9219917645024,546.6995539682895
386.8102196602505,546.7965633475336
409.03071468258463,546.8935617276106
372.350004996227,546.9905491061899
394.59097065132124,547.0875254809405
384.5864390376209,547.1844908495315
370.1241720658182,547.281445209632
397.9243978108729,547.3783885589113
390.1452996507672,547.4753208950385
396.81333406240526,547.5722422156825
390.1452996507672,547.6691525185129
405.69964393643545,547.7660518011984
430.1111270023581,547.8629400614083
394.59097065132124,547.9598172968118
415.6907392498896,548.056683505078
457.80560454520145,548.153538683876
436.7622388882759,548.2503828308751
411.25103636246496,548.3472159437441
407.92043621647474,548.4440380201523
434.5455135440555,548.5408490577692
373.4628029015605,548.6376490542632
420.1291892025135,548.734438007304
414.5809310389883,548.8312159145607
392.3682925636761,548.9279827737023
414.5809310389883,549.0247385823981
411.25103636246496,549.1214833383169
413.47104450029826,549.218217039128
362.3312651880757,549.3149396825006
429.00233528148925,549.4116512661041
452.27059665654593,549.5083517876069
444.518323710018,549.6050412446788
444.518323710018,549.7017196349888
407.92043621647474,549.7983869562061
436.7622388882759,549.8950432059994
435.653915193433,549.9916883820383
435.653915193433,550.0883224819918
450.05605008958344,550.184945503529
424.5663874625355,550.2815574443191
420.1291892025135,550.378158302031
389.0336850885361,550.4747480743342
403.478537732432,550.5713267588977
382.3623430740917,550.6678943533907
412.3610796145385,550.764450855482
401.25711745274117,550.8609962628411
395.7021916821157,550.9575305731372
419.01969410922237,551.0540537840388
440.0867424458155,551.150565893216
437.8704846485882,551.2470668983373
464.44505516493103,551.3435567970718
429.00233528148925,551.440035587089
409.03071468258463,551.5365032660577
417.9101207656338,551.6329598316473
395.7021916821157,551.729405281527
350.077426277426,551.8258396133656
336.6986464321595,551.9222628248322
360.1040078921569,552.0186749135964
335.58323120901525,552.115075877327
354.5344778598081,552.2114657136932
345.6191045675255,552.3078444203642
367.8980228570727,552.4042119950091
346.7338041290191,552.5005684352969
405.69964393643545,552.5969137388971
419.01969410922237,552.6932479034786
401.25711745274117,552.7895709267104
416.8004691523199,552.8858828062619
410.14091472487036,552.9821835398019
407.92043621647474,553.0784731249998
400.1462894872634,553.174751559525
406.8100793074446,553.2710188410462
390.1452996507672,553.3672749672326
401.25711745274117,553.4635199357534
445.62602449170555,553.5597537442778
430.1111270023581,553.655976390475
430.1111270023581,553.7521878720139
415.6907392498896,553.8483881865637
426.7845175985623,553.9445773317938
396.81333406240526,554.040755305373
394.59097065132124,554.1369221049706
424.5663874625355,554.2330777282557
427.8934654868087,554.3292221728975
415.6907392498896,554.4253554365652
417.9101207656338,554.5214775169277
399.0353829462394,554.6175884116543
409.03071468258463,554.7136881184139
416.8004691523199,554.8097766348761
423.4572051754271,554.9058539587097
389.0336850885361,555.0019200875839
382.3623430740917,555.097975019168
382.3623430740917,555.1940187511309
399.0353829462394,555.2900512811418
406.8100793074446,555.38607260687
396.81333406240526,555.4820827259844
399.0353829462394,555.5780816361541
385.6983687574028,555.6740693350488
397.9243978108729,555.7700458203369
409.03071468258463,555.8660110896878
409.03071468258463,555.961965140771
414.5809310389883,556.0579079712552
379.0256075455436,556.1538395788097
414.5809310389883,556.2497599611036
405.69964393643545,556.345669115806
395.7021916821157,556.441567040586
394.59097065132124,556.5374537331131
394.59097065132124,556.633329191056
427.8934654868087,556.729193412084
423.4572051754271,556.8250463938663
395.7021916821157,556.920888134072
413.47104450029826,557.0167186303702
438.97865249440974,557.11253788043
478.82097582123265,557.2083458819208
513.0494905736854,557.3041426325112
529.58525182297,557.3999281298709
476.6101455225993,557.4957023716687
465.5513591659197,557.5914653555739
440.0867424458155,557.6872170792556
436.7622388882759,557.782957540383
407.92043621647474,557.878686736625
427.8934654868087,557.9744046656509
406.8100793074446,558.07011132513
396.81333406240526,558.1658067127311
433.4370339201745,558.2614908261237
495.392378451998,558.3571636629766
469.97580135776263,558.4528252209591
448.94866027873314,558.5484754977405
463.338673740871,558.6441144909896
448.94866027873314,558.7397421983758
467.76373498233573,558.8353586175681
558.2067037495902,558.9309637462355
765.8413899707608,559.0265575820476
820.0509060686512,559.1221401226732
862.2140712380782,559.2177113657813
825.4622850844257,559.3132713090413
759.3244550858055,559.4088199501224
668.9095067993821,559.5043572866934
754.9784166633541,559.5998833164239
682.0122949592643,559.6953980369826
604.3336810748494,559.790901446039
570.3003851247817,559.8863935412619
580.1884395147691,559.9818743203208
584.5811778696634,560.0773437808843
516.3580168998135,560.1728019206221
536.1947556036675,560.2682487372031
524.0752385315637,560.3636842282964
524.0752385315637,560.4591083915712
565.9037382680133,560.5545212246967
588.9727168816884,560.6499227253419
676.5540748227575,560.7453128911761
642.6723414233045,560.8406917198682
526.2794724319455,560.9360592090874
455.59183417756395,561.0314153565031
436.7622388882759,561.1267601597841
385.6983687574028,561.2220936165999
400.1462894872634,561.3174157246193
371.2371280569235,561.4127264815115
381.25017679386025,561.5080258849459
333.35216194269725,561.6033139325913
321.075583640105,561.698590622117
336.6986464321595,561.7938559511921
336.6986464321595,561.8891099174858
333.35216194269725,561.9843525186672
340.0444146600513,562.0795837524055
312.1410985623657,562.1748036163697
335.58323120901525,562.2700121082289
325.54091017752194,562.3652092256524
317.72575076444133,562.4603949663094
332.2365078665833,562.5555693278689
302.0836871681543,562.650732308
321.075583640105,562.745883904372
312.1410985623657,562.8410241146537
333.35216194269725,562.9361529365146
341.15951164422205,563.0312703676238
297.61164520132405,563.1263764056504
298.72977586223897,563.2214710482633
319.95905251506923,563.316554293132
323.3084064693266,563.4116261379255
328.88906766966034,563.5066865803126
333.35216194269725,563.6017356179631
323.3084064693266,563.6967732485455
335.58323120901525,563.7917994697293
299.8478264002645,563.8868142791836
333.35216194269725,563.9818176745775
323.3084064693266,564.0768096535802
286.4259285395393,564.1717902138606
323.3084064693266,564.2667593530881
281.9493946860843,564.3617170689316
299.8478264002645,564.4566633590607
293.138321028009,564.551598221144
324.4246982055232,564.6465216528508
319.95905251506923,564.7414336518505
322.19203495286274,564.8363342158119
313.25818881730277,564.9312233424043
286.4259285395393,565.0261010292969
313.25818881730277,565.1209672741586
323.3084064693266,565.2158220746588
284.1878222434733,565.3106654284665
312.1410985623657,565.4054973332508
298.72977586223897,565.5003177866809
311.02392836882245,565.595126786426
333.35216194269725,565.6899243301552
306.5544478973006,565.7847104155376
313.25818881730277,565.8794850402425
330.00496074640904,565.9742482019386
321.075583640105,566.0689998982956
352.3061107662798,566.1637401269821
327.7730948934151,566.2584688856676
319.95905251506923,566.3531861720212
332.2365078665833,566.447891983712
338.9292381410822,566.542586318409
337.81398207065695,566.6372691737816
374.5755217907951,566.7319405474988
307.67193800080344,566.8266004372297
351.1918082048287,566.9212488406433
355.64854242622744,567.0158857554092
344.5043255551427,567.110511179196
326.65704240143447,567.2051251096731
340.0444146600513,567.2997275445098
348.96296496700234,567.394318481375
318.8424415618142,567.4888979179378
335.58323120901525,567.5834658518676
325.54091017752194,567.6780222808334
328.88906766966034,567.7725672025041
351.1918082048287,567.8671006145491
337.81398207065695,567.9616225146375
306.5544478973006,568.0561329004386
332.2365078665833,568.1506317696211
290.90117781426665,568.2451191198546
317.72575076444133,568.339594948808
302.0836871681543,568.4340592541504
265.15093623809133,568.5285120335512
288.6637136907433,568.6229532846792
265.15093623809133,568.7173830052037
258.426480501581,568.8118011927938
239.35808190330155,568.9062078451188
252.82054999617188,569.0006029598476
228.1304649969305,569.0949865346495
255.06316421647296,569.1893585671936
243.84686391750756,569.283719055149
218.01868612133663,569.3780679961848
212.3981935845647,569.4724053879703
253.94189745155336,569.5667312281745
220.26631542234398,569.6610455144665
220.26631542234398,569.7553482445156
242.7247896578108,569.8496394159907
210.14942861280522,569.9439190265614
227.00725810296962,570.0381870738963
240.4803986634482,570.1324435556647
251.6991218370874,570.226688469536
258.426480501581,570.3209218131791
246.0907700259943,570.4151435842631
287.54486125094206,570.5093537804571
334.4677363846916,570.6035523994307
299.8478264002645,570.6977394388523
311.02392836882245,570.7919148963916
286.4259285395393,570.8860787697176
286.4259285395393,570.9802310564994
257.30545572812764,571.0743717544062
252.82054999617188,571.1685008611071
242.7247896578108,571.262618374271
277.4715753251104,571.3567242915674
281.9493946860843,571.4508186106654
251.6991218370874,571.5449013292338
283.0686486296948,571.638972444942
268.5120764235433,571.7330319554593
238.23568428427106,571.8270798584545
216.89474984122285,571.921116151597
253.94189745155336,572.0151408325559
220.26631542234398,572.1091538989999
220.26631542234398,572.2031553485989
235.99064641912742,572.2971451790214
216.89474984122285,572.3911233879368
194.3989776392114,572.4850899730142
193.27333583982818,572.5790449319229
209.02492437599142,572.6729882623317
195.52453811340288,572.7669199619102
202.27619373096047,572.860840028327
210.14942861280522,572.9547484592516
206.77567234380916,573.048645252353
203.4011852306028,573.1425304053005
184.26527247378536,573.2364039157628
188.7699551786652,573.3302657814097
169.6160535769348,573.4241159999099
175.25199831258138,573.5179545689325
174.12497240172243,573.611781486147
182.01244264867643,573.7055967492222
191.02180822304084,573.7994003558274
206.77567234380916,573.8931923036316
186.5177766231529,573.986972590304
195.52453811340288,574.0807412135138
162.85022874651835,574.1744981709302
177.5058056478677,574.268243460222
180.8859055823578,574.3619770790586
186.5177766231529,574.4556990251093
200.0259669725371,574.549409296043
182.01244264867643,574.6431078895289
195.52453811340288,574.7367948032362
223.63715140261502,574.8304700348339
172.9978649823859,574.9241335819909
194.3989776392114,575.017785442377
191.02180822304084,575.1114256136608
194.3989776392114,575.2050540935118
186.5177766231529,575.2986708795988
207.90033895675504,575.3922759695912
200.0259669725371,575.4858693611578
185.39156525283846,575.5794510519682
170.74340557959664,575.6730210396913
224.76060131787108,575.7665793219961
195.52453811340288,575.8601258965521
198.9007316918415,575.9536607610279
202.27619373096047,576.0471839130932
228.1304649969305,576.1406953504169
211.27385167853376,576.234195070668
242.7247896578108,576.3276830715158
269.63229543880067,576.4211593506296
295.3751434505853,576.5146239056781
290.90117781426665,576.6080767343308
250.57761296110596,576.7015178342568
246.0907700259943,576.7949472031249
204.52609549189359,576.8883648386047
193.27333583982818,576.9817707383652
189.89592238454276,577.0751649000754
196.65001727307842,577.1685473214045
202.27619373096047,577.2619180000216
187.6439065949905,577.355276933596
202.27619373096047,577.4486241197966
188.7699551786652,577.5419595562928
180.8859055823578,577.6352832407534
171.8706760448877,577.7285951708479
221.3900084667627,577.8218953442454
188.7699551786652,577.9151837586147
179.75928706677502,578.0084604116253
182.01244264867643,578.1017253009461
176.37894272469984,578.1949784242464
179.75928706677502,578.2882197791952
172.9978649823859,578.3814493634618
166.2335082497423,578.474667174715
166.2335082497423,578.5678732106245
180.8859055823578,578.661067468859
139.14669485004038,578.7542499470877
175.25199831258138,578.8474206429798
156.08146621650837,578.9405795542045
147.05187639937355,579.033726678431
162.85022874651835,579.1268620133282
141.40572694618132,579.2199855565652
154.95305338073598,579.3130973058114
171.8706760448877,579.4061972587358
140.27625178591217,579.4992854130077
168.48862002737727,579.592361766296
180.8859055823578,579.68542631627
187.6439065949905,579.7784790605987
159.46621481730736,579.8715199969513
133.4976832565756,579.964549122997
197.77541512896514,580.057566436405
154.95305338073598,580.150571934844
150.43858529178803,580.2435656159839
150.43858529178803,580.336547477493
145.92280999431864,580.4295175170411
136.88733561931443,580.5224757322969
160.5943010785155,580.6154221209299
157.2097973952652,580.708356680609
157.2097973952652,580.8012794090034
156.08146621650837,580.8941903037822
171.8706760448877,580.9870893626145
138.01705613050842,581.0799765831698
140.27625178591217,581.1728519631166
176.37894272469984,581.2657155001245
185.39156525283846,581.3585671918627
142.53512033896067,581.451407036
162.85022874651835,581.5442350302056
172.9978649823859,581.637051172149
150.43858529178803,581.7298554594989
151.5673248433381,581.8226478899246
165.1058300028818,581.9154284610955
154.95305338073598,582.0081971706802
157.2097973952652,582.1009540163482
166.2335082497423,582.1936989957685
159.46621481730736,582.2864321066105
161.7223057185537,582.379153346543
162.85022874651835,582.4718627132353
149.3097640396371,582.5645602043566
177.5058056478677,582.6572458175758
156.08146621650837,582.7499195505623
149.3097640396371,582.8425814009851
142.53512033896067,582.9352313665133
156.08146621650837,583.0278694448162
156.08146621650837,583.1204956335629
141.40572694618132,583.2131099304225
142.53512033896067,583.3057123330641
168.48862002737727,583.3983028391567
138.01705613050842,583.4908814463696
167.36110492145252,583.5834481523722
163.9780701715597,583.676002954833
128.97700121395746,583.7685458514219
139.14669485004038,583.8610768398074
154.95305338073598,583.953595917659
144.7936618547782,584.0461030826457
112.0127755946665,584.1385983324367
118.80067746114263,584.231081664701
124.45500951377282,584.3235530771079
131.23750591224402,584.4160125673266
135.75753330851208,584.5084601330258
132.3676354998277,584.6008957718751
159.46621481730736,584.6933194815435
159.46621481730736,584.7857312597002
157.2097973952652,584.8781311040144
154.95305338073598,584.9705190121548
162.85022874651835,585.0628949817911
143.66443197241844,585.155259010592
128.97700121395746,585.2476110962269
136.88733561931443,585.3399512363648
152.6959827028952,585.432279428675
166.2335082497423,585.5245956708263
135.75753330851208,585.6168999604884
148.1808610783318,585.7091922953299
210.14942861280522,585.8014726730203
223.63715140261502,585.8937410912284
166.2335082497423,585.9859975476236
176.37894272469984,586.078242039875
156.08146621650837,586.1704745656516
179.75928706677502,586.2626951226229
149.3097640396371,586.3549037084574
132.3676354998277,586.4471003208248
135.75753330851208,586.5392849573941
145.92280999431864,586.6314576158344
162.85022874651835,586.7236182938148
150.43858529178803,586.8157669890044
139.14669485004038,586.9079036990724
170.74340557959664,587.000028421688
156.08146621650837,587.0921411545203
132.3676354998277,587.1842418952383
161.7223057185537,587.2763306415113
172.9978649823859,587.3684073910085
162.85022874651835,587.4604721413989
160.5943010785155,587.5525248903516
169.6160535769348,587.6445656355359
168.48862002737727,587.7365943746207
147.05187639937355,587.8286111052753
172.9978649823859,587.9206158251691
139.14669485004038,588.0126085319706
139.14669485004038,588.1045892233494
131.23750591224402,588.1965578969747
170.74340557959664,588.2885145505154
135.75753330851208,588.3804591816406
148.1808610783318,588.4723917880196
131.23750591224402,588.5643123673216
144.7936618547782,588.6562209172155
135.75753330851208,588.7481174353707
178.63258709192763,588.840001919456
259.54742463800903,588.9318743671408
506.4303725721307,589.0237347760943
543.90238584528,589.1155831439854
402.36786686150685,589.2074194684834
319.95905251506923,589.2992437472574
240.4803986634482,589.3910559779765
183.13889827578384,589.4828561583098
327.7730948934151,589.5746442859268
445.62602449170555,589.666420358496
370.1241720658182,589.758184373687
275.23218329222766,589.8499363291688
238.23568428427106,589.9416762226106
180.8859055823578,590.0334040516815
136.88733561931443,590.1251198140507
159.46621481730736,590.2168235073871
151.5673248433381,590.3085151293602
126.71616910105412,590.4001946776389
135.75753330851208,590.4918621498922
143.66443197241844,590.5835175437895
160.5943010785155,590.6751608569999
126.71616910105412,590.7667920871926
134.62764919021075,590.8584112320366
147.05187639937355,590.950018289201
144.7936618547782,591.041613256355
143.66443197241844,591.1331961311679
122.19352239325579,591.2247669113085
130.10729448615757,591.3163255944462
109.74948602990327,591.4078721782502
150.43858529178803,591.4994066603894
149.3097640396371,591.590929038533
126.71616910105412,591.6824393103502
124.45500951377282,591.7739374735102
145.92280999431864,591.8654235256819
121.06265598988853,591.9568974645347
132.3676354998277,592.0483592877376
156.08146621650837,592.1398089929597
113.14429743344897,592.2312465778704
131.23750591224402,592.3226720401385
151.5673248433381,592.4140853774334
134.62764919021075,592.505486587424
122.19352239325579,592.5968756677796
121.06265598988853,592.6882526161693
134.62764919021075,592.7796174302623
140.27625178591217,592.8709701077277
108.61771829069288,592.9623106462343
150.43858529178803,593.053639043452
138.01705613050842,593.144955297049
107.48586857153974,593.2362594046953
157.2097973952652,593.3275513640596
131.23750591224402,593.418831172811
138.01705613050842,593.5100988286189
125.58563024541054,593.6013543291521
136.88733561931443,593.69259767208
131.23750591224402,593.7838288550714
131.23750591224402,593.8750478757962
147.05187639937355,593.9662547319226
138.01705613050842,594.0574494211204
135.75753330851208,594.1486319410585
157.2097973952652,594.2398022894059
126.71616910105412,594.330960463832
150.43858529178803,594.4221064620058
152.6959827028952,594.5132402815965
179.75928706677502,594.6043619202729
161.7223057185537,594.6954713757049
135.75753330851208,594.7865686455608
156.08146621650837,594.8776537275103
128.97700121395746,594.9687266192223
143.66443197241844,595.0597873183659
151.5673248433381,595.1508358226106
143.66443197241844,595.241872129625
131.23750591224402,595.3328962370786
151.5673248433381,595.4239081426402
138.01705613050842,595.5149078439797
89.36511869104865,595.6058953387653
151.5673248433381,595.6968706246666
123.324306898812,595.7878336993527
104.08982747000965,595.8787845604928
110.88117179569915,595.9697232057559
140.27625178591217,596.0606496328114
110.88117179569915,596.151563839328
144.7936618547782,596.2424658229752
153.82455887912215,596.333355581422
114.27573731874784,596.4242331123374
134.62764919021075,596.5150984133909
134.62764919021075,596.6059514822513
125.58563024541054,596.696792316588
124.45500951377282,596.78762091407
122.19352239325579,596.8784372723663
138.01705613050842,596.9692413891464
123.324306898812,597.060033262079
118.80067746114263,597.1508128888336
112.0127755946665,597.2415802670791
114.27573731874784,597.3323353944847
104.08982747000965,597.4230782687198
126.71616910105412,597.5138088874531
98.42811877611591,597.6045272483541
93.89727520910746,597.6952333490916
99.56062456286806,597.7859271873351
93.89727520910746,597.8766087607535
101.82539005219849,597.9672780670161
117.66956532161713,598.0579351037917
108.61771829069288,598.1485798687498
101.82539005219849,598.2392123595595
85.96513946137208,598.3298325738898
95.03010917563384,598.4204405094099
79.16296420913687,598.511036163789
93.89727520910746,598.601619534696
80.29686537781308,598.6921906198003
84.83164886215066,598.7827494167709
89.36511869104865,598.8732959232769
74.62653819419049,598.9638301369878
101.82539005219849,599.0543520555722
75.76076790871437,599.1448616766995
59.87407474394285,599.235358998039
100.69304831954122,599.3258440172597
71.22335614090234,599.4163167320306
71.22335614090234,599.506777140021
80.29686537781308,599.5972252388998
54.19635162622983,599.6876610263364
50.78873110178775,599.7780845000001
92.7643591830667,599.8684956575595
76.89491547949318,599.9588944966841
85.96513946137208,600.0492810150431
61.009372737740314,600.1396552103054
73.49222633116668,600.2300170801403
58.73869454536857,600.320366622217
54.19635162622983,600.4107038342045
58.73869454536857,600.5010287137718
42.83473819251495,600.5913412585884
57.603232138117455,600.681641466323
55.332060682293566,600.771929334645
53.06056034650753,600.8622048612237
33.73952513443354,600.952468043728
32.60225327550395,601.0427188798271
53.06056034650753,601.1329573671901
29.189944002275855,601.2231835034863
34.876714714665354,601.3133972863844
50.78873110178775,601.4035987135542
31.464899135419387,601.4937877826642
48.516572920157614,601.5839644913839
41.69812448902428,601.6741288373825
43.97126963925204,601.7642808183289
24.63904626110886,601.8544204318923
24.63904626110886,601.9445476757419
40.56142852581555,602.0346625475469
22.363103619406473,602.1247650449762
50.78873110178775,602.2148551656992
24.63904626110886,602.3049329073849
20.086831776222745,602.3949982677025
14.394711820760136,602.485051244321
31.464899135419387,602.5750918349097
23.50111608951119,602.6651200371376
33.73952513443354,602.7551358486741
-15.23748624212679,602.8451392671881
13.256040900381308,602.9351302903486
5.283039623410752,603.0251089158252
22.363103619406473,603.1150751412864
-7.254112203480991,603.205028964402
-12.956110599981013,603.2949703828408
-1.554171960805506,603.384899394272
1.8648042849232114,603.4748159963647
-12.956110599981013,603.564720186788
-18.66016714610664,603.6546119632112
-8.394347230003794,603.7444913233032
21.22500884891526,603.8343582647334
0.7252278602427199,603.9242127851707
-16.378297551723016,604.0140548822844
