wavelengths,intensities
247.76552,746.0
247.8419916626033,733.0
247.9184570784132,740.0
247.9949162474297,727.0
248.0713691696528,727.0
248.1478158450825,722.0
248.22425627371882,729.0
248.30069045556172,738.0
248.3771183906112,732.0
248.4535400788673,737.0
248.52995552033002,729.0
248.6063647149993,733.0
248.68276766287522,737.0
248.7591643639577,753.0
248.8355548182468,747.0
248.9119390257425,758.0
248.9883169864448,765.0
249.0646887003537,771.0
249.1410541674692,775.0
249.2174133877913,780.0
249.29376636132,781.0
249.37011308805532,782.0
249.44645356799722,789.0
249.5227878011457,791.0
249.5991157875008,806.0
249.6754375270625,858.0
249.7517530198308,845.0
249.82806226580573,818.0
249.9043652649872,853.0
249.9806620173753,854.0
250.05695252297002,846.0
250.1332367817713,855.0
250.20951479377922,863.0
250.2857865589937,867.0
250.3620520774148,867.0
250.43831134904252,887.0
250.51456437387682,942.0
250.59081115191773,935.0
250.6670516831652,900.0
250.7432859676193,884.0
250.81951400528,887.0
250.8957357961473,891.0
250.9719513402212,889.0
251.0481606375017,888.0
251.1243636879888,895.0
251.2005604916825,919.0
251.2767510485828,969.0
251.35293535868973,978.0
251.42911342200318,1000.0
251.5052852385233,1048.0
251.58145080825,957.0
251.6576101311833,942.0
251.73376320732322,968.0
251.8099100366697,939.0
251.8860506192228,918.0
251.96218495498252,895.0
252.03831304394882,894.0
252.11443488612173,902.0
252.1905504815012,912.0
252.2666598300873,943.0
252.34276293188,958.0
252.41885978687932,923.0
252.49495039508523,911.0
252.5710347564977,913.0
252.6471128711168,924.0
252.7231847389425,972.0
252.79925035997482,937.0
252.87530973421372,913.0
252.9513628616592,886.0
253.0274097423113,893.0
253.10345037617,898.0
253.1794847632353,893.0
253.25551290350722,921.0
253.3315347969857,887.0
253.4075504436708,879.0
253.48355984356252,889.0
253.55956299666082,894.0
253.63555990296572,895.0
253.71155056247719,900.0
253.7875349751953,896.0
253.86351314112,870.0
253.93948506025131,908.0
254.01545073258922,898.0
254.0914101581337,888.0
254.1673633368848,868.0
254.24331026884252,874.0
254.3192509540068,894.0
254.39518539237773,866.0
254.4711135839552,883.0
254.54703552873931,866.0
254.62295122673,858.0
254.6988606779273,865.0
254.77476388233123,881.0
254.8506608399417,881.0
254.9265515507588,891.0
255.00243601478252,873.0
255.07831423201281,857.0
255.15418620244972,867.0
255.2300519260932,871.0
255.3059114029433,843.0
255.38176463300002,866.0
255.4576116162633,849.0
255.5334523527332,850.0
255.6092868424097,858.0
255.6851150852928,856.0
255.7609370813825,848.0
255.83675283067882,856.0
255.9125623331817,877.0
255.9883655888912,873.0
256.06416259780735,905.0
256.13995335993,919.0
256.21573787525926,929.0
256.2915161437952,869.0
256.3672881655377,870.0
256.4430539404868,857.0
256.5188134686425,863.0
256.5945667500048,870.0
256.6703137845737,878.0
256.74605457234924,878.0
256.8217891133313,869.0
256.89751740752,870.0
256.9732394549153,886.0
257.04895525551717,875.0
257.1246648093257,861.0
257.2003681163408,875.0
257.2760651765625,889.0
257.3517559899908,894.0
257.4274405566257,920.0
257.5031188764672,923.0
257.57879094951534,883.0
257.65445677577003,900.0
257.7301163552313,870.0
257.8057696878992,861.0
257.8814167737737,853.0
257.9570576128548,858.0
258.0326922051425,882.0
258.1083205506368,896.0
258.1839426493377,873.0
258.25955850124524,861.0
258.33516810635933,883.0
258.41077146468,920.0
258.48636857620727,950.0
258.56195944094117,887.0
258.6375440588817,886.0
258.7131224300288,869.0
258.7886945543825,890.0
258.8642604319428,855.0
258.9398200627097,879.0
259.0153734466832,898.0
259.09092058386335,889.0
259.16646147425,900.0
259.2419961178433,900.0
259.3175245146432,873.0
259.3930466646497,849.0
259.4685625678628,886.0
259.5440722242825,875.0
259.6195756339088,921.0
259.6950727967417,1006.0
259.7705637127812,1064.0
259.84604838202733,1041.0
259.92152680448004,925.0
259.99699898013927,883.0
260.0724649090052,870.0
260.1479245910777,878.0
260.2233780263568,869.0
260.2988252148425,882.0
260.3742661565348,892.0
260.4497008514337,894.0
260.52512929953923,934.0
260.60055150085134,963.0
260.67596745537,892.0
260.7513771630953,889.0
260.8267806240272,888.0
260.9021778381657,891.0
260.9775688055108,926.0
261.0529535260625,985.0
261.12833199982083,950.0
261.2037042267857,922.0
261.2790702069572,944.0
261.3544299403353,892.0
261.42978342692004,864.0
261.5051306667113,875.0
261.5804716597092,885.0
261.6558064059137,906.0
261.7311349053248,882.0
261.80645715794253,886.0
261.8817731637668,892.0
261.9570829227977,886.0
262.0323864350352,889.0
262.10768370047936,879.0
262.18297471913,877.0
262.2582594909873,887.0
262.3335380160512,879.0
262.4088102943217,948.0
262.4840763257988,915.0
262.5593361104825,899.0
262.6345896483728,911.0
262.7098369394697,946.0
262.78507798377325,913.0
262.8603127812833,941.0
262.935541332,1005.0
263.0107636359233,1063.0
263.0859796930532,951.0
263.1611895033897,895.0
263.2363930669328,880.0
263.3115903836825,876.0
263.38678145363883,884.0
263.4619662768017,876.0
263.53714485317124,884.0
263.61231718274735,893.0
263.68748326553,887.0
263.7626431015193,889.0
263.8377966907152,869.0
263.9129440331177,884.0
263.9880851287268,877.0
264.06321997754253,883.0
264.1383485795648,888.0
264.21347093479375,889.0
264.2885870432292,874.0
264.36369690487135,887.0
264.43880051972,873.0
264.5138978877753,884.0
264.58898900903716,852.0
264.6640738835057,884.0
264.7391525111808,876.0
264.8142248920625,878.0
264.88929102615083,866.0
264.96435091344574,866.0
265.03940455394724,880.0
265.1144519476553,876.0
265.18949309457,886.0
265.26452799469126,861.0
265.3395566480192,866.0
265.4145790545537,889.0
265.4895952142948,885.0
265.5646051272425,869.0
265.6396087933968,883.0
265.7146062127577,875.0
265.78959738532524,886.0
265.86458231109935,899.0
265.93956099008005,898.0
266.0145334222673,909.0
266.0894996076612,868.0
266.1644595462617,886.0
266.2394132380688,878.0
266.3143606830825,906.0
266.3893018813028,906.0
266.46423683272974,894.0
266.5391655373632,899.0
266.6140879952033,884.0
266.68900420625005,876.0
266.7639141705033,877.0
266.8388178879632,879.0
266.9137153586297,876.0
266.9886065825028,881.0
267.06349155958253,890.0
267.1383702898688,883.0
267.21324277336174,871.0
267.28810901006125,877.0
267.36296899996734,883.0
267.43782274308006,885.0
267.5126702393993,856.0
267.5875114889252,886.0
267.6623464916577,884.0
267.7371752475968,878.0
267.8119977567425,871.0
267.8868140190948,862.0
267.9616240346537,882.0
268.0364278034192,868.0
268.11122532539133,885.0
268.18601660057004,871.0
268.2608016289553,894.0
268.3355804105472,905.0
268.4103529453457,890.0
268.4851192333508,881.0
268.5598792745625,887.0
268.6346330689808,894.0
268.7093806166057,872.0
268.78412191743723,893.0
268.85885697147535,879.0
268.93358577872004,895.0
269.00830833917126,876.0
269.0830246528292,902.0
269.1577347196937,919.0
269.2324385397648,885.0
269.30713611304253,888.0
269.38182743952683,898.0
269.4565125192177,882.0
269.53119135211523,861.0
269.60586393821933,892.0
269.68053027753,880.0
269.7551903700473,892.0
269.8298442157712,873.0
269.9044918147017,889.0
269.9791331668388,886.0
270.0537682721825,891.0
270.1283971307328,872.0
270.20301974248974,898.0
270.27763610745325,900.0
270.35224622562333,901.0
270.42685009700006,891.0
270.5014477215833,893.0
270.5760390993732,887.0
270.6506242303697,875.0
270.7252031145728,894.0
270.7997757519825,870.0
270.87434214259883,894.0
270.94890228642174,891.0
271.02345618345123,900.0
271.09800383368736,890.0
271.17254523713,908.0
271.2470803937793,911.0
271.32160930363517,924.0
271.3961319666977,907.0
271.47064838296683,909.0
271.5451585524425,902.0
271.6196624751248,897.0
271.6941601510137,891.0
271.76865158010924,918.0
271.84313676241135,931.0
271.91761569792004,897.0
271.99208838663526,916.0
272.0665548285572,901.0
272.14101502368567,907.0
272.2154689720208,894.0
272.2899166735625,904.0
272.3643581283108,905.0
272.43879333626575,904.0
272.5132222974272,906.0
272.5876450117953,949.0
272.66206147937004,929.0
272.7364717001513,914.0
272.8108756741392,913.0
272.8852734013337,897.0
272.9596648817348,903.0
273.0340501153425,903.0
273.10842910215683,903.0
273.1828018421777,887.0
273.2571683354052,885.0
273.33152858183934,907.0
273.40588258148006,904.0
273.4802303343273,918.0
273.5545718403812,930.0
273.6289070996417,941.0
273.7032361121088,945.0
273.7775588777825,1021.0
273.8518753966628,1085.0
273.9261856687497,990.0
274.0004896940432,929.0
274.07478747254333,936.0
274.14907900425004,989.0
274.22336428916327,1016.0
274.2976433272832,949.0
274.3719161186097,953.0
274.4461826631428,1000.0
274.5204429608825,1124.0
274.5946970118288,1101.0
274.6689448159817,1005.0
274.74318637334125,1078.0
274.81742168390736,1182.0
274.89165074768005,1042.0
274.96587356465926,977.0
275.0400901348452,932.0
275.1143004582377,951.0
275.1885045348368,985.0
275.2627023646425,970.0
275.3368939476548,978.0
275.41107928387373,1098.0
275.48525837329925,1123.0
275.55943121593134,979.0
275.63359781177,931.0
275.7077581608153,935.0
275.78191226306717,910.0
275.8560601185257,898.0
275.9302017271908,924.0
276.0043370890625,907.0
276.0784662041408,917.0
276.1525890724257,928.0
276.2267056939172,917.0
276.30081606861535,907.0
276.37492019652,916.0
276.4490180776313,922.0
276.5231097119492,937.0
276.5971950994737,980.0
276.6712742402048,961.0
276.7453471341425,947.0
276.8194137812868,947.0
276.8934741816377,910.0
276.9675283351952,921.0
277.0415762419593,905.0
277.11561790193,941.0
277.1896533151073,935.0
277.2636824814912,908.0
277.3377054010817,941.0
277.4117220738788,936.0
277.4857324998825,962.0
277.5597366790928,987.0
277.63373461150974,973.0
277.7077262971332,1011.0
277.7817117359633,1051.0
277.85569092800006,1071.0
277.92966387324327,1029.0
278.0036305716932,1013.0
278.07759102334967,1016.0
278.1515452282128,997.0
278.2254931862825,1016.0
278.2994348975588,982.0
278.3733703620417,1004.0
278.44729957973124,993.0
278.52122255062733,1020.0
278.59513927473006,1038.0
278.66904975203926,1036.0
278.7429539825552,1086.0
278.8168519662777,1152.0
278.8907437032068,1281.0
278.9646291933425,1488.0
279.0385084366848,1454.0
279.11238143323374,1409.0
279.18624818298923,1435.0
279.2601086859513,1700.0
279.33396294212,2233.0
279.40781095149526,2875.0
279.4816527140772,2708.0
279.5554882298657,2137.0
279.6293174988608,1971.0
279.7031405210625,2007.0
279.7769572964708,1755.0
279.8507678250857,1549.0
279.92457210690725,1523.0
279.9983701419353,1660.0
280.07216193017,2157.0
280.14594747161135,2546.0
280.2197267662592,2139.0
280.2934998141137,1570.0
280.3672666151748,1312.0
280.4410271694425,1177.0
280.5147814769168,1137.0
280.5885295375977,1097.0
280.66227135148523,1073.0
280.73600691857933,1033.0
280.80973623888,1014.0
280.8834593123873,1015.0
280.9571761391012,1010.0
281.0308867190217,996.0
281.1045910521488,995.0
281.1782891384825,1005.0
281.2519809780228,989.0
281.3256665707697,985.0
281.39934591672323,998.0
281.4730190158833,1007.0
281.54668586825005,1006.0
281.62034647382336,989.0
281.6940008326032,995.0
281.7676489445897,1004.0
281.8412908097828,971.0
281.9149264281825,976.0
281.9885557997888,972.0
282.0621789246017,961.0
282.1357958026212,953.0
282.20940643384733,952.0
282.28301081828005,926.0
282.3566089559193,941.0
282.4302008467652,951.0
282.5037864908177,943.0
282.5773658880768,944.0
282.6509390385425,932.0
282.7245059422148,922.0
282.7980665990937,951.0
282.87162100917925,948.0
282.9451691724713,957.0
283.01871108897,950.0
283.09224675867534,949.0
283.1657761815872,942.0
283.2392993577057,923.0
283.3128162870308,936.0
283.3863269695625,939.0
283.4598314053008,949.0
283.53332959424574,935.0
283.6068215363972,953.0
283.6803072317553,945.0
283.75378668032005,968.0
283.8272598820913,928.0
283.9007268370692,946.0
283.9741875452537,957.0
284.0476420066448,952.0
284.1210902212425,935.0
284.1945321890468,928.0
284.26796791005773,946.0
284.34139738427524,941.0
284.4148206116993,946.0
284.48823759233005,938.0
284.56164832616736,932.0
284.6350528132112,953.0
284.7084510534617,971.0
284.7818430469188,982.0
284.8552287935825,990.0
284.92860829345284,1049.0
285.0019815465297,1142.0
285.07534855281324,1271.0
285.1487093123033,1265.0
285.222063825,1107.0
285.2954120909033,1026.0
285.3687541100132,987.0
285.4420898823297,984.0
285.5154194078528,956.0
285.5887426865825,965.0
285.66205971851883,949.0
285.7353705036617,942.0
285.8086750420112,966.0
285.8819733335673,940.0
285.95526537833,934.0
286.02855117629935,933.0
286.1018307274752,933.0
286.1751040318577,942.0
286.2483710894468,909.0
286.3216319002425,915.0
286.3948864642448,936.0
286.4681347814537,932.0
286.54137685186925,918.0
286.61461267549134,941.0
286.68784225232,929.0
286.7610655823553,937.0
286.8342826655972,920.0
286.90749350204567,933.0
286.9806980917008,952.0
287.0538964345625,941.0
287.12708853063083,939.0
287.2002743799057,943.0
287.2734539823872,935.0
287.34662733807534,931.0
287.41979444697006,945.0
287.49295530907136,941.0
287.5661099243792,958.0
287.6392582928937,961.0
287.7124004146148,971.0
287.7855362895425,973.0
287.85866591767683,1033.0
287.93178929901774,1181.0
288.0049064335652,1379.0
288.07801732131935,1480.0
288.15112196228006,1269.0
288.2242203564473,1126.0
288.2973125038212,1036.0
288.37039840440167,1010.0
288.4434780581888,998.0
288.5165514651825,975.0
288.5896186253828,970.0
288.66267953878975,983.0
288.7357342054032,934.0
288.80878262522333,950.0
288.88182479825,964.0
288.95486072448335,945.0
289.0278904039232,938.0
289.1009138365697,933.0
289.1739310224228,937.0
289.2469419614825,927.0
289.3199466537488,928.0
289.3929450992217,930.0
289.46593729790123,936.0
289.53892324978733,934.0
289.61190295488,916.0
289.68487641317927,912.0
289.75784362468517,924.0
289.8308045893977,919.0
289.9037593073168,924.0
289.9767077784425,942.0
290.0496500027748,925.0
290.1225859803137,914.0
290.1955157110592,914.0
290.26843919501135,942.0
290.34135643217,905.0
290.4142674225353,928.0
290.4871721661072,920.0
290.5600706628857,931.0
290.6329629128708,921.0
290.7058489160625,924.0
290.77872867246083,909.0
290.85160218206573,942.0
290.9244694448772,951.0
290.99733046089534,916.0
291.07018523012005,929.0
291.1430337525513,906.0
291.2158760281892,927.0
291.2887120570337,930.0
291.3615418390848,918.0
291.4343653743425,919.0
291.5071826628068,917.0
291.5799937044777,910.0
291.65279849935524,947.0
291.72559704743935,939.0
291.79838934873004,933.0
291.8711754032273,927.0
291.94395521093116,941.0
292.0167287718417,928.0
292.0894960859588,921.0
292.1622571532825,942.0
292.2350119738128,934.0
292.3077605475497,939.0
292.38050287449323,943.0
292.4532389546433,941.0
292.52596878800006,939.0
292.59869237456326,948.0
292.6714097143332,958.0
292.7441208073097,999.0
292.8168256534928,1008.0
292.8895242528825,985.0
292.96221660547883,969.0
293.03490271128175,949.0
293.10758257029124,947.0
293.1802561825073,959.0
293.25292354793004,959.0
293.32558466655934,951.0
293.3982395383952,988.0
293.4708881634377,1019.0
293.5435305416868,1050.0
293.6161666731425,1058.0
293.68879655780484,1014.0
293.76142019567374,1009.0
293.8340375867492,990.0
293.90664873103134,953.0
293.97925362852004,937.0
294.05185227921527,956.0
294.1244446831172,962.0
294.1970308402257,951.0
294.2696107505408,928.0
294.3421844140625,961.0
294.4147518307908,940.0
294.4873130007257,938.0
294.5598679238672,950.0
294.6324166002153,953.0
294.70495902977,970.0
294.77749521253133,950.0
294.8500251484992,944.0
294.9225488376737,929.0
294.9950662800548,944.0
295.0675774756425,917.0
295.1400824244368,935.0
295.2125811264377,948.0
295.28507358164524,937.0
295.3575597900593,944.0
295.43003975168006,941.0
295.5025134665073,949.0
295.5749809345412,932.0
295.6474421557817,934.0
295.7198971302288,929.0
295.7923458578825,934.0
295.8647883387428,933.0
295.9372245728097,928.0
296.0096545600832,909.0
296.08207830056335,914.0
296.15449579425,905.0
296.22690704114336,917.0
296.2993120412432,925.0
296.3717107945497,943.0
296.4441033010628,937.0
296.51648956078253,928.0
296.5888695737088,926.0
296.6612433398417,913.0
296.7336108591812,945.0
296.80597213172734,929.0
296.87832715748004,936.0
296.95067593643927,928.0
297.0230184686052,924.0
297.0953547539777,928.0
297.1676847925568,953.0
297.2400085843425,946.0
297.3123261293348,934.0
297.38463742753373,916.0
297.4569424789392,919.0
297.5292412835513,933.0
297.60153384137004,916.0
297.67382015239536,905.0
297.7461002166272,915.0
297.8183740340657,933.0
297.8906416047108,920.0
297.9629029285625,925.0
298.0351580056208,921.0
298.10740683588574,933.0
298.17964941935725,965.0
298.25188575603534,959.0
298.32411584592006,947.0
298.39633968901126,949.0
298.4685572853092,964.0
298.5407686348137,944.0
298.6129737375248,950.0
298.68517259344253,944.0
298.7573652025668,946.0
298.8295515648977,933.0
298.9017316804352,927.0
298.97390554917934,926.0
299.04607317113005,915.0
299.11823454628734,908.0
299.1903896746512,931.0
299.26253855622167,942.0
299.3346811909988,936.0
299.4068175789825,947.0
299.4789477201728,928.0
299.5510716145697,937.0
299.62318926217324,923.0
299.6953006629833,932.0
299.76740581700005,944.0
299.8395047242233,948.0
299.9115973846532,943.0
299.9836837982897,938.0
300.0557639651328,910.0
300.1278378851825,925.0
300.1999055584388,931.0
300.2719669849017,955.0
300.34402216457124,937.0
300.41607109744734,935.0
300.48811378353,947.0
300.56015022281935,936.0
300.6321804153152,957.0
300.7042043610177,958.0
300.7762220599268,925.0
300.8482335120425,939.0
300.92023871736484,917.0
300.9922376758937,923.0
301.0642303876292,930.0
301.13621685257135,928.0
301.20819707072,925.0
301.28017104207527,938.0
301.3521387666372,934.0
301.4241002444057,926.0
301.4960554753808,919.0
301.56800445956253,930.0
301.6399471969508,926.0
301.7118836875457,945.0
301.7838139313472,952.0
301.8557379283553,976.0
301.92765567857003,1006.0
301.9995671819913,967.0
302.0714724386192,960.0
302.1433714484537,951.0
302.2152642114948,929.0
302.2871507277425,925.0
302.3590309971968,920.0
302.43090501985773,926.0
302.5027727957252,946.0
302.5746343247993,930.0
302.64648960708,933.0
302.7183386425673,928.0
302.7901814312612,927.0
302.8620179731617,936.0
302.9338482682688,941.0
303.0056723165825,927.0
303.0774901181028,944.0
303.1493016728297,925.0
303.22110698076324,930.0
303.29290604190334,939.0
303.36469885625,946.0
303.43648542380333,925.0
303.5082657445632,939.0
303.5800398185297,936.0
303.6518076457028,958.0
303.72356922608253,922.0
303.7953245596688,944.0
303.86707364646173,945.0
303.93881648646123,935.0
304.0105530796673,938.0
304.08228342608004,932.0
304.1540075256993,945.0
304.22572537852517,933.0
304.2974369845577,932.0
304.3691423437968,933.0
304.4408414562425,934.0
304.5125343218948,937.0
304.5842209407537,936.0
304.6559013128192,954.0
304.7275754380913,951.0
304.79924331657,931.0
304.8709049482553,945.0
304.9425603331472,942.0
305.0142094712457,964.0
305.0858523625508,942.0
305.1574890070625,928.0
305.2291194047808,950.0
305.3007435557057,947.0
305.37236145983724,963.0
305.44397311717535,954.0
305.51557852772004,965.0
305.58717769147125,993.0
305.65877060842917,993.0
305.7303572785937,993.0
305.8019377019648,975.0
305.8735118785425,957.0
305.9450798083268,957.0
306.0166414913177,939.0
306.08819692751524,945.0
306.15974611691934,945.0
306.23128905953,950.0
306.3028257553473,931.0
306.37435620437117,976.0
306.4458804066017,988.0
306.5173983620388,969.0
306.5889100706825,973.0
306.6604155325328,940.0
306.7319147475897,956.0
306.8034077158532,944.0
306.87489443732335,969.0
306.946374912,941.0
307.0178491398833,947.0
307.0893171209732,965.0
307.1607788552697,964.0
307.2322343427728,1002.0
307.3036835834825,1001.0
307.3751265773988,1005.0
307.4465633245217,984.0
307.5179938248512,975.0
307.5894180783873,989.0
307.66083608513003,994.0
307.7322478450793,1013.0
307.8036533582352,1006.0
307.8750526245977,1006.0
307.9464456441668,1043.0
308.0178324169425,1145.0
308.0892129429248,1196.0
308.1605872221137,1140.0
308.2319552545092,1050.0
308.3033170401113,1020.0
308.37467257892,1009.0
308.4460218709353,1009.0
308.5173649161572,1025.0
308.5887017145857,1058.0
308.6600322662208,1098.0
308.7313565710625,1062.0
308.8026746291108,1051.0
308.87398644036574,1047.0
308.9452920048272,1054.0
309.01659132249534,1128.0
309.08788439337,1258.0
309.15917121745133,1359.0
309.23045179473917,1237.0
309.3017261252337,1126.0
309.3729942089348,1075.0
309.4442560458425,1054.0
309.5155116359568,1058.0
309.5867609792777,1023.0
309.6580040758052,1005.0
309.72924092553933,1005.0
309.80047152848005,983.0
309.8716958846273,992.0
309.9429139939812,967.0
310.0141258565417,962.0
310.0853314723088,953.0
310.1565308412825,957.0
310.22772396346284,989.0
310.29891083884974,995.0
310.3700914674432,968.0
310.44126584924334,981.0
310.51243398425,981.0
310.5835958724633,955.0
310.6547515138832,948.0
310.7259009085097,956.0
310.7970440563428,954.0
310.8681809573825,931.0
310.9393116116288,970.0
311.01043601908174,943.0
311.0815541797412,950.0
311.1526660936073,949.0
311.22377176068005,953.0
311.29487118095926,955.0
311.3659643544452,958.0
311.4370512811377,955.0
311.5081319610368,940.0
311.5792063941425,943.0
311.65027458045483,954.0
311.7213365199737,954.0
311.7923922126992,950.0
311.8634416586313,961.0
311.93448485777003,951.0
312.00552181011534,923.0
312.0765525156672,959.0
312.1475769744257,947.0
312.2185951863908,939.0
312.2896071515625,935.0
312.36061286994084,962.0
312.4316123415257,937.0
312.50260556631724,945.0
312.5735925443153,948.0
312.64457327552003,961.0
312.71554775993127,935.0
312.78651599754926,942.0
312.8574779883737,976.0
312.9284337324048,973.0
312.9993832296425,949.0
313.0703264800868,941.0
313.1412634837377,938.0
313.21219424059524,943.0
313.28311875065936,947.0
313.35403701393005,932.0
313.42494903040733,945.0
313.4958548000912,931.0
313.5667543229817,952.0
313.6376475990788,933.0
313.7085346283825,961.0
313.7794154108928,933.0
313.85028994660973,950.0
313.9211582355332,942.0
313.9920202776633,957.0
314.06287607300004,954.0
314.1337256215433,951.0
314.20456892329327,982.0
314.2754059782497,947.0
314.3462367864128,949.0
314.4170613477825,953.0
314.4878796623588,956.0
314.55869173014173,960.0
314.62949755113124,958.0
314.7002971253273,969.0
314.77109045273005,968.0
314.84187753333936,979.0
314.9126583671552,968.0
314.9834329541777,977.0
315.0542012944068,991.0
315.1249633878425,1000.0
315.1957192344848,1001.0
315.2664688343337,1005.0
315.33721218738924,1038.0
315.4079492936513,1067.0
315.47868015312,1101.0
315.54940476579526,1164.0
315.62012313167725,1293.0
315.6908352507657,1538.0
315.7615411230608,1817.0
315.8322407485625,1748.0
315.9029341272708,1524.0
315.97362125918573,1401.0
316.0443021443072,1296.0
316.1149767826353,1232.0
316.18564517417,1173.0
316.25630731891135,1122.0
316.3269632168592,1135.0
316.3976128680137,1104.0
316.4682562723748,1079.0
316.5388934299425,1084.0
316.6095243407168,1102.0
316.68014900469774,1080.0
316.7507674218852,1093.0
316.8213795922793,1076.0
316.89198551588004,1049.0
316.9625851926873,1034.0
317.03317862270126,1066.0
317.1037658059217,1078.0
317.1743467423488,1058.0
317.2449214319825,1084.0
317.3154898748228,1097.0
317.3860520708697,1133.0
317.4566080201232,1143.0
317.52715772258335,1237.0
317.59770117825,1323.0
317.6682383871233,1503.0
317.7387693492032,1958.0
317.8092940644897,2387.0
317.8798125329828,2250.0
317.9503247546825,1984.0
318.0208307295888,1782.0
318.0913304577017,1591.0
318.16182393902125,1474.0
318.2323111735473,1378.0
318.30279216128,1289.0
318.37326690221926,1237.0
318.44373539636524,1195.0
318.5141976437177,1193.0
318.5846536442768,1124.0
318.6551033980425,1114.0
318.7255469050148,1093.0
318.7959841651937,1067.0
318.86641517857925,1086.0
318.9368399451713,1134.0
319.00725846497005,1074.0
319.0776707379753,1057.0
319.1480767641872,1027.0
319.2184765436057,1047.0
319.2888700762308,1030.0
319.3592573620625,1033.0
319.4296384011008,1028.0
319.5000131933457,1010.0
319.5703817387972,989.0
319.6407440374553,983.0
319.71110008932004,1007.0
319.7814498943913,1031.0
319.85179345266926,1018.0
319.9221307641537,1001.0
319.9924618288448,1028.0
320.0627866467425,1026.0
320.13310521784683,1019.0
320.2034175421577,1002.0
320.2737236196752,986.0
320.34402345039933,994.0
320.41431703433005,993.0
320.48460437146736,989.0
320.5548854618112,963.0
320.6251603053617,964.0
320.6954289021188,961.0
320.7656912520825,971.0
320.8359473552528,975.0
320.9061972116297,974.0
320.9764408212132,979.0
321.0466781840033,968.0
321.11690930000003,975.0
321.18713416920326,978.0
321.25735279161324,993.0
321.3275651672297,982.0
321.3977712960528,987.0
321.4679711780825,999.0
321.5381648133188,1010.0
321.6083522017617,990.0
321.67853334341123,1004.0
321.74870823826734,996.0
321.81887688633003,965.0
321.88903928759936,952.0
321.9591954420752,973.0
322.0293453497577,976.0
322.0994890106468,988.0
322.1696264247425,1008.0
322.2397575920448,985.0
322.3098825125537,982.0
322.3800011862692,978.0
322.4501136131913,973.0
322.52021979332005,946.0
322.5903197266553,989.0
322.66041341319726,996.0
322.7305008529457,1025.0
322.8005820459008,991.0
322.8706569920625,979.0
322.9407256914308,963.0
323.0107881440057,991.0
323.08084434978724,979.0
323.1508943087753,1001.0
323.22093802097004,1049.0
323.29097548637134,1204.0
323.36100670497916,1078.0
323.4310316767937,1055.0
323.5010504018148,1149.0
323.5710628800425,1038.0
323.6410691114768,1017.0
323.71106909611774,1069.0
323.7810628339652,1081.0
323.85105032501934,1009.0
323.92103156928005,977.0
323.9910065667473,1038.0
324.06097531742125,1037.0
324.1309378213017,998.0
324.2008940783888,965.0
324.2708440886825,958.0
324.3407878521828,943.0
324.4107253688897,963.0
324.4806566388032,965.0
324.55058166192333,950.0
324.62050043825,982.0
324.69041296778335,1031.0
324.7603192505232,996.0
324.8302192864697,956.0
324.9001130756228,974.0
324.9700006179825,969.0
325.0398819135488,1006.0
325.10975696232174,1009.0
325.1796257643012,1000.0
325.24948831948734,998.0
325.31934462788,990.0
325.38919468947927,967.0
325.4590385042852,958.0
325.5288760722977,951.0
325.5987073935168,965.0
325.6685324679425,947.0
325.73835129557483,949.0
325.8081638764137,953.0
325.87797021045924,972.0
325.9477702977113,1023.0
326.01756413817003,1069.0
326.0873517318353,984.0
326.1571330787072,969.0
326.2269081787857,964.0
326.2966770320708,947.0
326.3664396385625,964.0
326.4361959982608,965.0
326.5059461111657,965.0
326.5756899772772,948.0
326.6454275965953,945.0
326.71515896912,936.0
326.7848840948513,948.0
326.85460297378927,946.0
326.9243156059337,970.0
326.9940219912848,965.0
327.0637221298425,990.0
327.1334160216068,953.0
327.2031036665777,965.0
327.2727850647552,952.0
327.34246021613933,946.0
327.41212912073,944.0
327.48179177852734,977.0
327.5514481895312,956.0
327.6210983537417,955.0
327.6907422711588,990.0
327.7603799417825,970.0
327.8300113656128,964.0
327.8996365426497,967.0
327.9692554728932,948.0
328.0388681563433,966.0
328.10847459300004,1001.0
328.1780747828633,965.0
328.24766872593324,941.0
328.3172564222097,963.0
328.3868378716928,959.0
328.4564130743825,969.0
328.5259820302788,981.0
328.5955447393817,1025.0
328.66510120169124,997.0
328.7346514172073,957.0
328.80419538593003,968.0
328.8737331078593,946.0
328.9432645829952,945.0
329.0127898113377,959.0
329.0823087928868,966.0
329.1518215276425,953.0
329.2213280156048,949.0
329.2908282567737,942.0
329.3603222511492,949.0
329.42980999873134,937.0
329.49929149952004,949.0
329.56876675351526,955.0
329.63823576071724,953.0
329.7076985211257,959.0
329.7771550347408,932.0
329.8466053015625,958.0
329.91604932159083,935.0
329.9854870948257,956.0
330.05491862126723,938.0
330.12434390091533,964.0
330.19376293377,959.0
330.26317571983134,976.0
330.3325822590992,945.0
330.40198255157367,948.0
330.4713765972548,982.0
330.5407643961425,961.0
330.61014594823683,953.0
330.6795212535377,955.0
330.7488903120452,955.0
330.81825312375935,966.0
330.88760968868,959.0
330.95696000680726,937.0
331.02630407814127,937.0
331.0956419026817,946.0
331.1649734804288,967.0
331.23429881138253,941.0
331.3036178955428,952.0
331.3729307329097,972.0
331.4422373234832,968.0
331.5115376672633,972.0
331.58083176425004,962.0
331.6501196144433,952.0
331.7194012178432,960.0
331.7886765744497,949.0
331.8579456842628,958.0
331.9272085472825,986.0
331.9964651635088,978.0
332.06571553294174,992.0
332.1349596555812,1023.0
332.2041975314273,1008.0
332.27342916048,994.0
332.3426545427393,956.0
332.41187367820527,975.0
332.4810865668777,983.0
332.5502932087568,969.0
332.6194936038425,964.0
332.6886877521348,958.0
332.75787565363373,999.0
332.8270573083392,1015.0
332.89623271625135,994.0
332.96540187737,990.0
333.03456479169535,1012.0
333.1037214592272,983.0
333.17287187996567,997.0
333.2420160539108,980.0
333.3111539810625,1003.0
333.3802856614208,1019.0
333.4494110949857,996.0
333.5185302817572,996.0
333.58764322173533,985.0
333.65674991492006,990.0
333.7258503613113,992.0
333.79494456090924,998.0
333.8640325137137,1023.0
333.9331142197248,1028.0
334.0021896789425,1125.0
334.0712588913668,1131.0
334.14032185699773,1032.0
334.2093785758352,1009.0
334.27842904787934,978.0
334.34747327313005,991.0
334.41651125158734,989.0
334.4855429832512,1002.0
334.5545684681217,1023.0
334.6235877061988,1035.0
334.6926006974825,1143.0
334.7616074419728,1486.0
334.83060793966973,1331.0
334.8996021905732,1089.0
334.9685901946833,1027.0
335.037571952,999.0
335.1065474625233,1006.0
335.17551672625325,974.0
335.2444797431897,994.0
335.3134365133328,1026.0
335.38238703668253,1001.0
335.4513313132388,991.0
335.5202693430017,976.0
335.5892011259712,983.0
335.6581266621473,1001.0
335.72704595153004,983.0
335.79595899411936,1007.0
335.8648657899152,1033.0
335.93376633891774,1195.0
336.0026606411268,1239.0
336.0715486965425,1069.0
336.14043050516483,1021.0
336.2093060669937,990.0
336.27817538202925,995.0
336.3470384502713,993.0
336.41589527172005,966.0
336.4847458463753,990.0
336.55359017423723,981.0
336.6224282553057,968.0
336.6912600895808,1000.0
336.7600856770625,990.0
336.8289050177508,1013.0
336.8977181116457,997.0
336.96652495874724,1030.0
337.0353255590553,1061.0
337.10411991257,1207.0
337.17290801929136,1148.0
337.24168987921917,1014.0
337.3104654923537,998.0
337.3792348586948,990.0
337.4479979782425,965.0
337.5167548509968,991.0
337.58550547695774,989.0
337.6542498561252,989.0
337.7229879884993,1003.0
337.79171987408006,985.0
337.8604455128673,1017.0
337.92916490486124,994.0
337.9978780500617,1001.0
338.0665849484688,994.0
338.1352856000825,1017.0
338.2039800049028,1154.0
338.27266816292973,1105.0
338.34135007416324,1020.0
338.41002573860334,1005.0
338.47869515625,979.0
338.5473583271033,982.0
338.61601525116316,1020.0
338.68466592842975,1005.0
338.7533103589028,975.0
338.8219485425825,977.0
338.8905804794688,964.0
338.9592061695617,974.0
339.0278256128612,980.0
339.0964388093673,958.0
339.16504575908004,974.0
339.2336464619993,979.0
339.3022409181252,994.0
339.3708291274577,983.0
339.4394110899968,975.0
339.5079868057425,954.0
339.5765562746948,957.0
339.64511949685374,965.0
339.7136764722192,970.0
339.78222720079134,967.0
339.85077168257004,955.0
339.9193099175553,951.0
339.9878419057472,953.0
340.05636764714575,950.0
340.1248871417508,948.0
340.1934003895625,973.0
340.2619073905808,969.0
340.3304081448057,959.0
340.3989026522372,954.0
340.4673909128753,965.0
340.53587292672,952.0
340.60434869377127,979.0
340.67281821402923,963.0
340.74128148749367,959.0
340.8097385141648,958.0
340.8781892940425,945.0
340.9466338271268,962.0
341.0150721134177,968.0
341.0835041529152,947.0
341.1519299456193,959.0
341.22034949153004,969.0
341.28876279064735,964.0
341.3571698429712,961.0
341.4255706485018,946.0
341.4939652072388,955.0
341.5623535191825,936.0
341.6307355843328,949.0
341.6991114026897,966.0
341.7674809742532,952.0
341.83584429902334,961.0
341.90420137700005,953.0
341.9725522081833,952.0
342.0408967925732,938.0
342.1092351301697,964.0
342.1775672209728,957.0
342.2458930649825,948.0
342.3142126621988,957.0
342.3825260126217,948.0
342.4508331162512,961.0
342.5191339730873,953.0
342.58742858313,959.0
342.65571694637936,946.0
342.72399906283516,939.0
342.7922749324978,938.0
342.8605445553668,954.0
342.9288079314425,964.0
342.9970650607248,963.0
343.0653159432137,958.0
343.1335605789092,954.0
343.2017989678113,931.0
343.27003110992,962.0
343.3382570052353,950.0
343.40647665375724,950.0
343.47469005548567,953.0
343.5428972104208,935.0
343.6110981185625,942.0
343.6792927799108,972.0
343.7474811944657,973.0
343.8156633622272,983.0
343.8838392831953,1002.0
343.95200895737,1000.0
344.02017238475133,997.0
344.08832956533917,974.0
344.15648049913375,963.0
344.2246251861348,957.0
344.2927636263425,972.0
344.3608958197568,981.0
344.42902176637773,963.0
344.4971414662052,947.0
344.56525491923935,963.0
344.63336212548,947.0
344.7014630849273,961.0
344.76955779758123,987.0
344.8376462634417,958.0
344.9057284825088,943.0
344.9738044547825,947.0
345.0418741802628,948.0
345.1099376589497,956.0
345.1779948908432,952.0
345.2460458759433,930.0
345.31409061425,943.0
345.38212910576334,944.0
345.4501613504832,933.0
345.51818734840975,972.0
345.5862070995428,937.0
345.6542206038825,956.0
345.7222278614288,939.0
345.79022887218173,953.0
345.85822363614125,937.0
345.92621215330735,956.0
345.99419442368,971.0
346.0621704472593,963.0
346.13014022404525,947.0
346.1981037540377,953.0
346.2660610372368,951.0
346.3340120736425,931.0
346.4019568632548,951.0
346.4698954060737,958.0
346.5378277020992,951.0
346.60575375133135,934.0
346.67367355377,932.0
346.7415871094153,956.0
346.8094944182672,939.0
346.87739548032573,958.0
346.9452902955908,950.0
347.0131788640625,949.0
347.0810611857408,929.0
347.1489372606257,934.0
347.21680708871725,925.0
347.2846706700153,952.0
347.35252800452,965.0
347.42037909223126,972.0
347.48822393314924,950.0
347.5560625272737,958.0
347.6238948746048,958.0
347.6917209751425,921.0
347.7595408288868,943.0
347.8273544358377,927.0
347.8951617959952,937.0
347.9629629093593,934.0
348.03075777593006,950.0
348.09854639570733,929.0
348.1663287686912,936.0
348.23410489488174,935.0
348.3018747742788,948.0
348.36963840688253,920.0
348.4373957926928,937.0
348.5051469317097,954.0
348.5728918239332,936.0
348.6406304693633,938.0
348.70836286800005,918.0
348.77608901984325,929.0
348.84380892489327,951.0
348.9115225831497,942.0
348.9792299946128,935.0
349.0469311592825,926.0
349.1146260771588,948.0
349.1823147482417,935.0
349.2499971725312,948.0
349.31767335002735,937.0
349.38534328073,927.0
349.4530069646393,947.0
349.5206644017552,924.0
349.5883155920777,946.0
349.6559605356068,944.0
349.7235992323425,935.0
349.79123168228483,935.0
349.85885788543374,938.0
349.9264778417892,940.0
349.99409155135135,956.0
350.06169901412005,924.0
350.1293002300953,945.0
350.19689519927726,936.0
350.2644839216657,957.0
350.3320663972608,979.0
350.3996426260625,961.0
350.4672126080708,927.0
350.5347763432857,933.0
350.6023338317072,939.0
350.6698850733353,906.0
350.73743006817006,930.0
350.80496881621133,935.0
350.8725013174592,971.0
350.94002757191373,957.0
351.0075475795748,948.0
351.0750613404425,924.0
351.1425688545168,927.0
351.2100701217977,939.0
351.2775651422852,936.0
351.34505391597935,946.0
351.41253644288,931.0
351.4800127229873,904.0
351.54748275630124,933.0
351.6149465428217,940.0
351.68240408254877,930.0
351.7498553754825,945.0
351.8173004216228,934.0
351.8847392209697,928.0
351.9521717735232,950.0
352.0195980792833,937.0
352.08701813825,921.0
352.1544319504233,921.0
352.2218395158032,938.0
352.2892408343898,953.0
352.3566359061828,920.0
352.4240247311825,944.0
352.4914073093888,948.0
352.5587836408017,938.0
352.6261537254212,941.0
352.6935175632473,925.0
352.76087515428003,921.0
352.82822649851926,939.0
352.89557159596524,930.0
352.9629104466177,922.0
353.03024305047677,934.0
353.0975694075425,909.0
353.1648895178148,930.0
353.2322033812937,941.0
353.2995109979792,918.0
353.3668123678713,944.0
353.43410749097,955.0
353.50139636727533,945.0
353.5686789967872,925.0
353.63595537950573,931.0
353.7032255154308,934.0
353.7704894045625,931.0
353.8377470469008,935.0
353.90499844244573,934.0
353.97224359119724,928.0
354.03948249315533,926.0
354.10671514832,941.0
354.17394155669126,909.0
354.24116171826927,938.0
354.3083756330537,910.0
354.3755833010448,906.0
354.4427847222425,929.0
354.5099798966468,937.0
354.57716882425774,918.0
354.64435150507524,931.0
354.7115279390993,937.0
354.77869812633,920.0
354.8458620667673,915.0
354.9130197604112,912.0
354.9801712072617,931.0
355.0473164073188,929.0
355.1144553605825,936.0
355.1815880670528,917.0
355.2487145267297,914.0
355.3158347396132,940.0
355.3829487057033,958.0
355.450056425,942.0
355.5171578975033,931.0
355.5842531232132,938.0
355.6513421021297,935.0
355.7184248342528,958.0
355.7855013195825,938.0
355.8525715581188,939.0
355.9196355498617,934.0
355.98669329481123,938.0
356.05374479296734,937.0
356.12079004433,930.0
356.18782904889935,930.0
356.2548618066752,926.0
356.32188831765774,949.0
356.3889085818468,951.0
356.4559225992425,953.0
356.5229303698448,958.0
356.5899318936537,952.0
356.65692717066923,943.0
356.7239162008913,919.0
356.79089898432005,978.0
356.8578755209553,1020.0
356.92484581079725,989.0
356.99180985384567,974.0
357.0587676501008,965.0
357.1257191995625,946.0
357.1926645022308,952.0
357.2596035581057,971.0
357.3265363671872,926.0
357.39346292947533,942.0
357.46038324497005,951.0
357.52729731367134,965.0
357.59420513557916,938.0
357.66110671069373,940.0
357.72800203901477,939.0
357.7948911205425,952.0
357.8617739552768,949.0
357.9286505432177,1018.0
357.9955208843652,1019.0
358.0623849787193,996.0
358.12924282628,983.0
358.19609442704734,979.0
358.26293978102126,968.0
358.3297788882017,972.0
358.3966117485888,982.0
358.4634383621825,1005.0
358.5302587289828,997.0
358.59707284898974,986.0
358.6638807222032,975.0
358.7306823486233,972.0
358.79747772825004,971.0
358.8642668610833,960.0
358.9310497471232,964.0
358.99782638636975,961.0
359.0645967788228,955.0
359.1313609244825,947.0
359.1981188233488,946.0
359.26487047542173,935.0
359.33161588070124,930.0
359.3983550391873,928.0
359.46508795088005,918.0
359.53181461577935,931.0
359.59853503388524,943.0
359.6652492051977,931.0
359.7319571297168,945.0
359.7986588074425,923.0
359.86535423837483,938.0
359.9320434225137,945.0
359.99872635985923,936.0
360.0654030504113,922.0
360.13207349417,916.0
360.1987376911353,930.0
360.2653956413072,930.0
360.33204734468575,955.0
360.3986928012708,945.0
360.4653320110625,958.0
360.5319649740608,939.0
360.5985916902657,941.0
360.6652121596772,954.0
360.7318263822953,975.0
360.79843435812,970.0
360.86503608715134,952.0
360.93163156938925,937.0
360.9982208048337,938.0
361.06480379348477,932.0
361.1313805353425,935.0
361.1979510304068,935.0
361.2645152786777,943.0
361.33107328015524,919.0
361.39762503483934,937.0
361.46417054273,920.0
361.53070980382734,925.0
361.5972428181312,933.0
361.6637695856418,953.0
361.7302901063588,997.0
361.7968043802825,975.0
361.8633124074128,950.0
361.9298141877497,949.0
361.99630972129324,947.0
362.0627990080433,931.0
362.12928204800005,936.0
362.19575884116335,927.0
362.26222938753324,945.0
362.3286936871097,944.0
362.3951517398928,935.0
362.4616035458825,936.0
362.5280491050788,937.0
362.5944884174817,933.0
362.6609214830912,931.0
362.72734830190734,928.0
362.79376887393005,928.0
362.86018319915934,952.0
362.9265912775952,986.0
362.9929931092378,977.0
363.0593886940868,962.0
363.1257780321425,946.0
363.1921611234048,950.0
363.25853796787374,933.0
363.3249085655492,934.0
363.3912729164313,956.0
363.45763102052,941.0
363.52398287781534,951.0
363.59032848831725,929.0
363.6566678520257,939.0
363.7230009689408,916.0
363.7893278390625,910.0
363.85564846239083,932.0
363.9219628389257,931.0
363.9882709686672,941.0
364.0545728516153,933.0
364.12086848777005,967.0
364.1871578771313,956.0
364.2534410196992,947.0
364.31971791547375,940.0
364.3859885644548,947.0
364.4522529666425,931.0
364.5185111220368,941.0
364.5847630306377,956.0
364.6510086924452,957.0
364.71724810745934,965.0
364.78348127568,931.0
364.84970819710736,945.0
364.91592887174124,937.0
364.9821432995817,935.0
365.0483514806288,932.0
365.1145534148825,927.0
365.1807491023428,940.0
365.2469385430097,937.0
365.3131217368832,935.0
365.3792986839633,935.0
365.44546938425003,916.0
365.5116338377433,927.0
365.5777920444432,921.0
365.64394400434975,928.0
365.7100897174628,919.0
365.7762291837825,925.0
365.8423624033088,905.0
365.9084893760417,934.0
365.9746101019812,920.0
366.04072458112734,925.0
366.10683281348,918.0
366.17293479903935,902.0
366.23903053780526,920.0
366.3051200297777,913.0
366.37120327495677,927.0
366.4372802733425,900.0
366.50335102493483,929.0
366.5694155297337,939.0
366.6354737877392,917.0
366.7015257989513,891.0
366.76757156337004,917.0
366.83361108099535,900.0
366.8996443518272,919.0
366.9656713758657,919.0
367.0316921531108,918.0
367.0977066835625,928.0
367.1637149672208,909.0
367.2297170040857,917.0
367.2957127941572,913.0
367.3617023374353,934.0
367.42768563392,926.0
367.49366268361126,910.0
367.55963348650926,924.0
367.62559804261366,935.0
367.6915563519249,931.0
367.7575084144425,918.0
367.8234542301668,923.0
367.8893937990977,923.0
367.9553271212352,927.0
368.0212541965793,918.0
368.08717502512997,926.0
368.1530896068873,927.0
368.21899794185117,936.0
368.28490003002173,954.0
368.3507958713988,987.0
368.4166854659825,982.0
368.4825688137728,972.0
368.54844591476973,968.0
368.6143167689732,946.0
368.6801813763833,938.0
368.74603973700005,940.0
368.81189185082326,912.0
368.8777377178532,915.0
368.9435773380897,916.0
369.00941071153284,916.0
369.0752378381825,923.0
369.14105871803883,922.0
369.2068733511017,914.0
369.2726817373712,926.0
369.3384838768473,923.0
369.40427976953004,928.0
369.47006941541935,927.0
369.5358528145152,923.0
369.60162996681777,924.0
369.66740087232677,922.0
369.7331655310426,942.0
369.7989239429648,924.0
369.8646761080937,919.0
369.9304220264292,936.0
369.99616169797133,916.0
370.06189512272005,923.0
370.1276223006753,921.0
370.1933432318372,956.0
370.2590579162057,970.0
370.32476635378083,961.0
370.3904685445625,1030.0
370.4561644885508,1087.0
370.5218541857457,1116.0
370.5875376361472,1072.0
370.6532148397553,1075.0
370.71888579657,1015.0
370.78455050659136,1036.0
370.85020896981916,1016.0
370.9158611862537,1013.0
370.9815071558948,980.0
371.0471468787426,980.0
371.1127803547968,968.0
371.1784075840577,964.0
371.24402856652523,934.0
371.30964330219933,955.0
371.37525179108,957.0
371.4408540331673,940.0
371.50645002846124,946.0
371.5720397769617,921.0
371.63762327866885,943.0
371.7032005335825,933.0
371.7687715417028,966.0
371.8343363030297,971.0
371.8998948175632,978.0
371.9654470853033,959.0
372.03099310625004,942.0
372.09653288040334,959.0
372.1620664077632,952.0
372.22759368832976,951.0
372.2931147221028,955.0
372.35862950908256,951.0
372.4241380492688,944.0
372.4896403426617,936.0
372.55513638926124,949.0
372.6206261890673,948.0
372.68610974208,924.0
372.75158704829926,969.0
372.81705810772525,949.0
372.8825229203577,948.0
372.94798148619685,939.0
373.01343380524247,943.0
373.0788798774948,950.0
373.14431970295374,942.0
373.2097532816192,983.0
373.27518061349133,1002.0
373.34060169857,1048.0
373.40601653685536,1046.0
373.47142512834716,1095.0
373.5368274730457,1208.0
373.6022235709508,1259.0
373.6676134220626,1229.0
373.7329970263808,1193.0
373.7983743839057,1142.0
373.8637454946372,1129.0
373.9291103585753,1105.0
373.99446897572005,1068.0
374.05982134607126,1045.0
374.1251674696292,1056.0
374.1905073463937,1018.0
374.2558409763649,1015.0
374.3211683595425,1014.0
374.3864894959268,1006.0
374.45180438551773,1015.0
374.51711302831524,982.0
374.5824154243193,965.0
374.64771157353005,981.0
374.71300147594735,993.0
374.7782851315712,1017.0
374.84356254040176,1023.0
374.9088337024388,981.0
374.97409861768256,962.0
375.0393572861328,967.0
375.10460970778973,981.0
375.1698558826532,965.0
375.23509581072335,957.0
375.300329492,957.0
375.3655569264833,946.0
375.4307781141732,952.0
375.4959930550697,953.0
375.5612017491728,954.0
375.6264041964825,977.0
375.6916003969988,996.0
375.7567903507217,1021.0
375.82197405765123,1000.0
375.88715151778734,979.0
375.95232273113004,1011.0
376.0174876976793,1002.0
376.08264641743517,972.0
376.1477988903977,958.0
376.2129451165668,986.0
376.2780850959426,975.0
376.3432188285248,958.0
376.4083463143137,945.0
376.4734675533092,927.0
376.5385825455113,949.0
376.60369129092004,937.0
376.6687937895353,932.0
376.73389004135726,921.0
376.7989800463857,932.0
376.86406380462086,933.0
376.9291413160625,931.0
376.9942125807108,935.0
377.0592775985657,911.0
377.1243363696272,923.0
377.18938889389534,921.0
377.25443517137,923.0
377.3194752020513,948.0
377.3845089859392,919.0
377.44953652303377,911.0
377.5145578133348,933.0
377.57957285684256,918.0
377.6445816535568,912.0
377.70958420347773,914.0
377.7745805066052,934.0
377.83957056293934,903.0
377.90455437248005,925.0
377.9695319352273,924.0
378.03450325118126,920.0
378.0994683203417,917.0
378.16442714270886,926.0
378.2293797182825,901.0
378.2943260470628,922.0
378.35926612904973,915.0
378.4241999642432,926.0
378.4891275526433,927.0
378.55404889425,929.0
378.61896398906333,941.0
378.6838728370832,929.0
378.74877543830974,920.0
378.8136717927428,913.0
378.8785619003826,917.0
378.9434457612288,914.0
379.0083233752817,923.0
379.0731947425412,921.0
379.1380598630073,923.0
379.20291873668003,925.0
379.2677713635593,913.0
379.33261774364524,910.0
379.39745787693766,923.0
379.46229176343684,932.0
379.5271194031425,905.0
379.5919407960548,925.0
379.65675594217373,926.0
379.72156484149923,913.0
379.7863674940313,929.0
379.85116389977003,933.0
379.91595405871533,946.0
379.98073797086715,941.0
380.04551563622573,939.0
380.1102870547908,937.0
380.17505222656257,934.0
380.2398111515408,912.0
380.30456382972574,906.0
380.3693102611172,911.0
380.43405044571534,948.0
380.49878438352005,922.0
380.5635120745313,935.0
380.62823351874925,931.0
380.6929487161737,913.0
380.75765766680485,928.0
380.8223603706425,936.0
380.8870568276868,928.0
380.9517470379377,922.0
381.01643100139523,920.0
381.08110871805934,922.0
381.14578018793003,924.0
381.21044541100736,930.0
381.2751043872912,928.0
381.33975711678175,932.0
381.40440359947877,944.0
381.46904383538254,967.0
381.5336778244928,957.0
381.5983055668097,948.0
381.6629270623332,937.0
381.7275423110633,928.0
381.79215131300003,953.0
381.8567540681433,956.0
381.92135057649324,956.0
381.9859408380497,967.0
382.0505248528128,952.0
382.1151026207825,961.0
382.1796741419588,964.0
382.2442394163417,966.0
382.3087984439312,954.0
382.37335122472734,977.0
382.43789775873,969.0
382.50243804593936,981.0
382.5669720863552,979.0
382.63149987997775,982.0
382.6960214268068,988.0
382.76053672684253,991.0
382.8250457800848,998.0
382.8895485865337,996.0
382.95404514618923,1010.0
383.01853545905135,1029.0
383.08301952512005,1048.0
383.1474973443953,1048.0
383.21196891687725,1040.0
383.2764342425657,1020.0
383.34089332146084,1010.0
383.4053461535625,1009.0
383.4697927388708,1004.0
383.5342330773857,998.0
383.5986671691072,1030.0
383.6630950140353,1092.0
383.72751661217,1071.0
383.79193196351133,1044.0
383.8563410680592,1028.0
383.9207439258137,1025.0
383.9851405367748,999.0
384.04953090094256,991.0
384.1139150183168,977.0
384.1782928888977,972.0
384.2426645126852,957.0
384.3070298896793,973.0
384.37138901988004,946.0
384.4357419032873,945.0
384.50008853990124,943.0
384.5644289297217,941.0
384.6287630727488,955.0
384.6930909689825,931.0
384.7574126184228,931.0
384.8217280210697,950.0
384.8860371769232,928.0
384.9503400859833,934.0
385.01463674825004,943.0
385.07892716372334,945.0
385.14321133240315,933.0
385.2074892542897,967.0
385.2717609293828,952.0
385.33602635768256,949.0
385.4002855391888,975.0
385.4645384739017,987.0
385.5287851618212,987.0
385.5930256029473,1001.0
385.65725979728,970.0
385.7214877448193,961.0
385.78570944556526,967.0
385.8499248995177,976.0
385.91413410667684,991.0
385.9783370670425,966.0
386.0425337806148,949.0
386.1067242473937,956.0
386.1709084673792,968.0
386.2350864405713,960.0
386.29925816697005,948.0
386.3634236465753,947.0
386.42758287938716,944.0
386.49173586540576,928.0
386.55588260463077,933.0
386.62002309706253,928.0
386.6841573427008,914.0
386.74828534154574,934.0
386.81240709359724,927.0
386.87652259885533,932.0
386.94063185732,919.0
387.00473486899125,931.0
387.06883163386925,920.0
387.13292215195366,927.0
387.19700642324483,935.0
387.2610844477425,931.0
387.3251562254468,909.0
387.3892217563577,919.0
387.4532810404752,909.0
387.5173340777993,926.0
387.58138086833003,917.0
387.6454214120673,929.0
387.7094557090112,921.0
387.77348375916176,902.0
387.8375055625188,906.0
387.90152111908253,901.0
387.9655304288528,904.0
388.02953349182974,904.0
388.0935303080132,913.0
388.15752087740333,910.0
388.2215052,900.0
388.2854832758033,883.0
388.3494551048132,917.0
388.4134206870297,905.0
388.47738002245285,909.0
388.5413331110825,894.0
388.6052799529188,904.0
388.6692205479617,901.0
388.7331548962112,890.0
388.7970829976673,898.0
388.86100485233004,896.0
388.92492046019936,893.0
388.9888298212752,901.0
389.05273293555774,902.0
389.1166298030468,898.0
389.18052042374256,890.0
389.2444047976448,869.0
389.3082829247537,886.0
389.3721548050692,881.0
389.4360204385913,878.0
389.49987982532,892.0
389.56373296525527,886.0
389.6275798583972,887.0
389.6914205047457,887.0
389.75525490430084,888.0
389.81908305706247,889.0
389.8829049630308,911.0
389.9467206222057,907.0
390.0105300345872,893.0
390.0743332001753,890.0
390.13813011897,889.0
390.2019207909713,895.0
390.2657052161792,881.0
390.32948339459375,869.0
390.3932553262148,877.0
390.45702101104257,882.0
390.5207804490768,902.0
390.5845336403177,894.0
390.6482805847652,895.0
390.7120212824193,871.0
390.77575573328005,877.0
390.83948393734727,884.0
390.90320589462124,872.0
390.9669216051017,878.0
391.03063106878886,885.0
391.0943342856825,884.0
391.1580312557828,870.0
391.2217219790897,878.0
397.4190605,655.0
397.5294444724215,655.0
397.6398207881322,660.0
397.7501894448011,643.0
397.8605504400975,663.0
397.97090377169036,640.0
398.081249437249,641.0
398.19158743444234,653.0
398.3019177609398,647.0
398.4122404144103,678.0
398.522555392523,657.0
398.6328626929471,661.0
398.7431623133517,661.0
398.853454251406,658.0
398.96373850477914,664.0
399.07401507114014,662.0
399.1842839481582,645.0
399.2945451335025,660.0
399.40479862484216,649.0
399.5150444198463,648.0
399.62528251618403,653.0
399.73551291152444,661.0
399.84573560353687,657.0
399.95595058989034,644.0
400.066157868254,655.0
400.1763574362969,708.0
400.28654929168823,696.0
400.39673343209716,688.0
400.5069098551929,715.0
400.61707855864444,670.0
400.727239540121,695.0
400.83739279729167,695.0
400.9475383278256,700.0
401.05767612939206,694.0
401.16780619966005,692.0
401.27792853629865,706.0
401.3880431369771,683.0
401.4981499993645,716.0
401.60824912113003,693.0
401.7183404999428,702.0
401.82842413347197,692.0
401.93850001938665,699.0
402.048568155356,711.0
402.1586285390492,695.0
402.2686811681353,696.0
402.37872604028337,696.0
402.4887631531627,702.0
402.59879250444243,698.0
402.7088140917916,712.0
402.8188279128794,716.0
402.928833965375,697.0
403.03883224694744,707.0
403.148822755266,696.0
403.2588054879997,698.0
403.3687804428177,700.0
403.4787476173891,703.0
403.5887070093832,707.0
403.69865861646895,689.0
403.8086024363156,687.0
403.9185384665922,691.0
404.028466704968,713.0
404.1383871491121,708.0
404.2482997966936,702.0
404.35820464538153,687.0
404.4681016928453,706.0
404.5779909367539,691.0
404.6878723747764,698.0
404.7977460045821,690.0
404.9076118238399,708.0
405.0174698302192,705.0
405.127320021389,702.0
405.2371623950185,676.0
405.3469969487767,698.0
405.45682368033283,706.0
405.56664258735617,693.0
405.6764536675156,702.0
405.7862569184805,705.0
405.89605233791974,695.0
406.00583992350266,718.0
406.1156196728984,696.0
406.225391583776,686.0
406.33515565380463,692.0
406.4449118806535,693.0
406.5546602619916,701.0
406.6644007954882,705.0
406.7741334788124,711.0
406.8838583096333,702.0
406.99357528562007,720.0
407.10328440444187,721.0
407.21298566376777,710.0
407.322679061267,693.0
407.4323645946086,709.0
407.5420422614618,689.0
407.6517120594957,723.0
407.76137398637945,719.0
407.8710280397821,720.0
407.9806742173729,703.0
408.090312516821,690.0
408.19994293579543,701.0
408.3095654719654,705.0
408.419180123,687.0
408.5287868865684,698.0
408.6383857603398,685.0
408.7479767419832,683.0
408.8575598291679,688.0
408.9671350195629,706.0
409.0767023108374,691.0
409.1862617006605,708.0
409.2958131867014,703.0
409.4053567666291,687.0
409.51489243811295,706.0
409.624420198822,702.0
409.73394004642535,703.0
409.84345197859216,710.0
409.9529559929915,703.0
410.0624520872926,694.0
410.1719402591646,702.0
410.2814205062766,706.0
410.3908928262978,696.0
410.50035721689716,701.0
410.60981367574396,711.0
410.7192622005074,702.0
410.8287027888565,708.0
410.93813543846045,696.0
411.0475601469883,709.0
411.15697691210937,702.0
411.2663857314927,692.0
411.3757866028073,696.0
411.4851795237225,698.0
411.59456449190736,691.0
411.70394150503097,716.0
411.8133105607626,714.0
411.9226716567713,694.0
412.03202479072615,692.0
412.14136996029634,708.0
412.25070716315116,695.0
412.36003639695946,699.0
412.4693576593906,710.0
412.5786709481136,705.0
412.68797626079777,705.0
412.797273595112,714.0
412.9065629487256,697.0
413.0158443193076,723.0
413.12511770452727,708.0
413.23438310205364,720.0
413.3436405095559,689.0
413.45288992470313,702.0
413.5621313451645,695.0
413.6713647686092,700.0
413.78059019270637,697.0
413.889807615125,729.0
413.9990170335343,703.0
414.1082184456036,688.0
414.2174118490018,702.0
414.3265972413981,731.0
414.43577462046164,707.0
414.5449439838616,692.0
414.65410532926705,702.0
414.76325865434717,699.0
414.8724039567711,707.0
414.981541234208,710.0
415.09067048432695,703.0
415.1997917047972,714.0
415.3089048932877,722.0
415.41801004746776,695.0
415.5271071650063,716.0
415.6361962435728,699.0
415.74527728083615,711.0
415.85435027446556,712.0
415.9634152221301,693.0
416.07247212149895,707.0
416.1815209702413,694.0
416.2905617660263,703.0
416.399594506523,709.0
416.5086191894005,703.0
416.6176358123281,686.0
416.7266443729748,706.0
416.83564486900985,708.0
416.94463729810235,674.0
417.05362165792127,698.0
417.16259794613603,707.0
417.27156616041555,683.0
417.38052629842906,695.0
417.4894783578457,707.0
417.5984223363346,729.0
417.7073582315649,694.0
417.8162860412057,707.0
417.92520576292617,718.0
418.0341173943955,713.0
418.1430209332827,699.0
418.251916377257,711.0
418.36080372398754,695.0
418.46968297114347,699.0
418.57855411639383,719.0
418.6874171574078,697.0
418.79627209185463,700.0
418.90511891740334,704.0
419.0139576317231,708.0
419.122788232483,717.0
419.2316107173523,708.0
419.340425084,697.0
419.4492313300953,689.0
419.55802945330737,706.0
419.66681945130534,719.0
419.77560132175824,705.0
419.88437506233544,694.0
419.99314067070577,713.0
420.10189814453855,697.0
420.210647481503,706.0
420.31938867926806,713.0
420.428121735503,713.0
420.53684664787687,714.0
420.6455634140589,722.0
420.75427203171824,704.0
420.8629724985239,683.0
420.97166481214515,725.0
421.08034897025095,702.0
421.1890249705107,691.0
421.29769281059333,686.0
421.40635248816807,700.0
421.515004000904,728.0
421.6236473464703,727.0
421.7322825225361,714.0
421.84090952677053,700.0
421.94952835684273,701.0
422.0581390104219,699.0
422.16674148517706,691.0
422.2753357787774,725.0
422.3839218888921,713.0
422.49249981319025,709.0
422.60106954934093,750.0
422.70963109501344,781.0
422.8181844478769,758.0
422.92672960560026,733.0
423.03526656585285,724.0
423.14379532630363,714.0
423.2523158846219,725.0
423.36082823847676,707.0
423.46933238553726,693.0
423.5778283234726,711.0
423.686316049952,700.0
423.7947955626445,703.0
423.90326685921923,703.0
424.0117299373454,715.0
424.120184794692,695.0
424.2286314289284,706.0
424.33706983772356,722.0
424.4455000187466,703.0
424.5539219696668,699.0
424.6623356881532,722.0
424.770741171875,711.0
424.87913841850127,694.0
424.9875274257012,681.0
425.09590819114385,722.0
425.2042807124985,712.0
425.3126449874341,703.0
425.42100101362,695.0
425.52934878872514,706.0
425.63768831041875,701.0
425.74601957637003,706.0
425.854342584248,710.0
425.96265733172186,702.0
426.0709638164608,704.0
426.17926203613376,716.0
426.2875519884101,707.0
426.3958336709589,708.0
426.5041070814492,718.0
426.6123722175502,695.0
426.7206290769311,694.0
426.828877657261,728.0
426.937117956209,709.0
427.04534997144424,702.0
427.1535737006359,711.0
427.26178914145305,709.0
427.369996291565,710.0
427.4781951486406,702.0
427.58638571034925,727.0
427.6945679743599,686.0
427.8027419383419,699.0
427.9109075999642,703.0
428.019064956896,710.0
428.1272140068064,711.0
428.2353547473646,694.0
428.3434871762398,725.0
428.451611291101,716.0
428.5597270896174,683.0
428.6678345694581,712.0
428.7759337282923,738.0
428.88402456378907,713.0
428.9921070736176,720.0
429.10018125544707,714.0
429.20824710694643,700.0
429.316304625785,717.0
429.4243538096319,692.0
429.53239465615627,715.0
429.64042716302714,712.0
429.7484513279137,717.0
429.8564671484852,712.0
429.9644746224106,718.0
430.0724737473592,718.0
430.180464521,731.0
430.28844694100223,724.0
430.396421005035,732.0
430.50438671076745,717.0
430.6123440558687,730.0
430.72029303800787,709.0
430.82823365485416,735.0
430.9361659040767,723.0
431.0440897833446,692.0
431.15200529032694,709.0
431.259912422693,678.0
431.3678111781118,699.0
431.47570155425257,711.0
431.5835835487843,691.0
431.6914571593763,698.0
431.7993223836976,721.0
431.9071792194174,720.0
432.0150276642048,720.0
432.12286771572894,712.0
432.23069937165894,734.0
432.338522629664,711.0
432.4463374874132,696.0
432.5541439425757,724.0
432.66194199282063,703.0
432.76973163581715,670.0
432.87751286923435,718.0
432.9852856907415,696.0
433.09305009800755,700.0
433.2008060887017,702.0
433.30855366049315,696.0
433.416292811051,693.0
433.52402353804445,721.0
433.6317458391424,717.0
433.73945971201437,701.0
433.84716515432916,689.0
433.9548621637561,715.0
434.06255073796433,698.0
434.1702308746228,687.0
434.2779025714009,724.0
434.38556582596755,705.0
434.49322063599203,711.0
434.6008669991433,694.0
434.7085049130908,722.0
434.81613437550345,693.0
434.9237553840505,699.0
435.0313679364009,698.0
435.1389720302239,707.0
435.2465676631887,722.0
435.3541548329644,697.0
435.46173353722014,715.0
435.56930377362494,699.0
435.67686553984817,700.0
435.7844188335588,743.0
435.89196365242594,711.0
435.99949999411893,687.0
436.1070278563067,727.0
436.21454723665835,718.0
436.3220581328432,728.0
436.4295605425304,725.0
436.5370544633889,700.0
436.64453989308794,701.0
436.75201682929674,692.0
436.85948526968434,728.0
436.9669452119199,699.0
437.0743966536725,692.0
437.18183959261137,700.0
437.28927402640556,698.0
437.3966999527243,690.0
437.5041173692368,712.0
437.6115262736119,699.0
437.718926663519,701.0
437.8263185366272,708.0
437.9337018906055,705.0
438.04107672312324,706.0
438.14844303184935,714.0
438.2558008144531,731.0
438.36315006860366,719.0
438.47049079197006,713.0
438.57782298222145,701.0
438.68514663702706,712.0
438.79246175405603,733.0
438.8997683309774,726.0
439.00706636546033,708.0
439.11435585517387,700.0
439.22163679778737,700.0
439.32890919096985,719.0
439.4361730323905,710.0
439.5434283197184,712.0
439.6506750506226,718.0
439.7579132227725,699.0
439.86514283383696,686.0
439.97236388148536,721.0
440.07957636338665,706.0
440.18678027721,714.0
440.2939756206246,701.0
440.40116239129964,707.0
440.5083405869042,705.0
440.6155102051072,715.0
440.7226712435782,717.0
440.8298236999861,699.0
440.93696757199996,696.0
441.04410285728915,709.0
441.15122955352257,709.0
441.2583476583695,705.0
441.3654571694991,714.0
441.4725580845804,720.0
441.57965040128255,710.0
441.6867341172748,716.0
441.79380923022615,715.0
441.9008757378059,712.0
442.00793363768304,716.0
442.11498292752674,725.0
442.22202360500614,713.0
442.3290556677904,733.0
442.4360791135487,715.0
442.5430939399501,715.0
442.6501001446638,749.0
442.7570977253589,714.0
442.86408667970454,711.0
442.9710670053699,724.0
443.078038700024,719.0
443.18500176133614,747.0
443.2919561869753,738.0
443.39890197461074,740.0
443.5058391219116,760.0
443.6127676265469,764.0
443.7196874861858,737.0
443.8265986984976,732.0
443.9335012611513,728.0
444.0403951718161,719.0
444.14728042816097,728.0
444.2541570278553,737.0
444.3610249685681,685.0
444.4678842479684,713.0
444.5747348637256,735.0
444.6815768135086,699.0
444.7884100949867,719.0
444.89523470582895,741.0
445.0020506437045,734.0
445.1088579062824,738.0
445.215656491232,732.0
445.3224463962223,740.0
445.4292276189224,762.0
445.5360001570015,769.0
445.6427640081288,786.0
445.7495191699733,748.0
445.8562656402043,718.0
445.96300341649084,717.0
446.06973249650196,725.0
446.176452877907,704.0
446.283164558375,734.0
446.3898675355751,719.0
446.49656180717636,724.0
446.60324737084807,700.0
446.7099242242592,717.0
446.8165923650791,721.0
446.9232517909768,713.0
447.02990249962136,736.0
447.136544488682,710.0
447.24317775582784,725.0
447.349802298728,739.0
447.4564181150517,725.0
447.56302520246794,724.0
447.669623558646,732.0
447.7762131812549,734.0
447.8827940679639,706.0
447.9893662164421,743.0
448.0959296243584,718.0
448.2024842893823,712.0
448.3090302091828,730.0
448.415567381429,737.0
448.52209580379,719.0
448.62861547393504,730.0
448.7351263895333,702.0
448.8416285482537,719.0
448.9481219477656,716.0
449.05460658573804,724.0
449.16108245984015,723.0
449.2675495677411,715.0
449.37400790711,723.0
449.480457475616,722.0
449.5868982709282,716.0
449.69333029071583,697.0
449.799753532648,714.0
449.9061679943938,714.0
450.0125736736224,701.0
450.11897056800285,716.0
450.22535867520446,732.0
450.33173799289625,730.0
450.4381085187474,725.0
450.54447025042697,727.0
450.6508231856042,702.0
450.7571673219482,707.0
450.8635026571281,717.0
450.9698291888131,712.0
451.0761469146721,715.0
451.1824558323745,724.0
451.28875593958935,735.0
451.39504723398585,716.0
451.50132971323296,718.0
451.607603375,709.0
451.71386821695603,717.0
451.8201242367702,706.0
451.92637143211164,709.0
452.0326098006494,714.0
452.13883934005287,705.0
452.245060047991,725.0
452.3512719221329,731.0
452.45747496014775,712.0
452.5636691597048,710.0
452.669854518473,726.0
452.7760310341216,713.0
452.88219870431976,717.0
452.98835752673654,720.0
453.09450749904113,724.0
453.2006486189026,725.0
453.30678088399026,723.0
453.412904291973,742.0
453.5190188405201,730.0
453.6251245273007,733.0
453.73122134998397,736.0
453.837309306239,715.0
453.94338839373495,710.0
454.04945861014085,727.0
454.155519953126,709.0
454.2615724203594,702.0
454.36761600951024,719.0
454.47365071824765,723.0
454.5796765442409,700.0
454.68569348515894,730.0
454.79170153867096,748.0
454.89770070244623,727.0
455.00369097415364,730.0
455.10967235146256,752.0
455.21564483204196,721.0
455.32160841356114,726.0
455.42756309368906,724.0
455.533508870095,734.0
455.6394457404481,726.0
455.74537370241734,723.0
455.851292753672,735.0
455.9572028918812,738.0
456.063104114714,713.0
456.1689964198397,728.0
456.27487980492725,717.0
456.38075426764584,731.0
456.4866198056647,747.0
456.5924764166529,726.0
456.6983240982796,713.0
456.80416284821393,719.0
456.90999266412496,714.0
457.015813543682,692.0
457.121625484554,719.0
457.22742848441015,725.0
457.33322254091973,697.0
457.4390076517516,724.0
457.54478381457517,740.0
457.65055102705946,715.0
457.7563092868736,709.0
457.8620585916867,742.0
457.967798939168,741.0
458.07353032698654,722.0
458.1792527528115,722.0
458.28496621431213,729.0
458.3906707091573,739.0
458.49636623501635,733.0
458.6020527895584,734.0
458.7077303704525,744.0
458.813398975368,710.0
458.9190586019737,758.0
459.024709247939,736.0
459.130350910933,723.0
459.2359835886247,725.0
459.34160727868334,757.0
459.4472219787781,710.0
459.55282768657815,731.0
459.6584243997525,735.0
459.7640121159703,718.0
459.8695908329007,736.0
459.9751605482129,731.0
460.080721259576,714.0
460.18627296465917,735.0
460.29181566113147,749.0
460.3973493466621,745.0
460.5028740189202,729.0
460.6083896755749,725.0
460.71389631429525,743.0
460.8193939327506,728.0
460.9248825286098,734.0
461.0303620995423,744.0
461.135832643217,718.0
461.2412941573031,730.0
461.3467466394698,743.0
461.45219008738616,730.0
461.5576244987214,725.0
461.6630498711446,724.0
461.768466202325,756.0
461.8738734899315,734.0
461.9792717316334,725.0
462.08466092509985,723.0
462.190041068,728.0
462.2954121580029,745.0
462.40077419277776,739.0
462.5061271699937,734.0
462.61147108731984,738.0
462.71680594242537,728.0
462.82213173297936,742.0
462.92744845665095,724.0
463.0327561111094,747.0
463.1380546940237,757.0
463.243344203063,739.0
463.3486246358965,739.0
463.4538959901933,758.0
463.55915826362263,743.0
463.6644114538535,741.0
463.7696555585552,746.0
463.8748905753966,756.0
463.9801165020471,748.0
464.0853333361757,744.0
464.1905410754517,751.0
464.295739717544,740.0
464.40092926012187,741.0
464.5061097008545,742.0
464.61128103741095,727.0
464.71644326746036,746.0
464.8215963886719,743.0
464.9267403987146,757.0
465.0318752952578,757.0
465.1370010759705,741.0
465.2421177385218,757.0
465.347225280581,734.0
465.4523236998171,716.0
465.5574129938993,728.0
465.6624931604967,723.0
465.7675641972784,749.0
465.87262610191357,732.0
465.9776788720715,731.0
466.08272250542115,739.0
466.18775699963163,736.0
466.2927823523722,745.0
466.39779856131196,735.0
466.50280562412007,724.0
466.6078035384656,739.0
466.7127923020178,702.0
466.81777191244566,747.0
466.9227423674184,714.0
467.02770366460516,721.0
467.132655801675,718.0
467.2375987762972,734.0
467.3425325861408,725.0
467.447457228875,722.0
467.5523727021689,716.0
467.65727900369166,741.0
467.76217613111226,725.0
467.86706408210006,739.0
467.9719428543241,762.0
468.0768124454535,726.0
468.1816728531575,734.0
468.28652407510515,735.0
468.3913661089656,726.0
468.496198952408,735.0
468.6010226031015,725.0
468.70583705871513,750.0
468.8106423169182,729.0
468.9154383753797,733.0
469.0202252317689,749.0
469.12500288375475,741.0
469.2297713290066,740.0
469.3345305651935,749.0
469.43928058998466,758.0
469.544021401049,725.0
469.64875299605586,748.0
469.7534753726743,732.0
469.85818852857346,725.0
469.9628924614226,723.0
470.06758716889055,757.0
470.1722726486468,710.0
470.2769488983604,717.0
470.3816159157003,746.0
470.4862736983358,749.0
470.590922243936,745.0
470.69556155017005,749.0
470.80019161470705,742.0
470.90481243521623,722.0
471.0094240093665,722.0
471.1140263348274,762.0
471.21861940926766,737.0
471.3232032303567,738.0
471.42777779576346,762.0
471.53234310315725,718.0
471.636899150207,703.0
471.74144593458203,734.0
471.8459834539515,732.0
471.9505117059843,735.0
472.0550306883498,739.0
472.1595403987171,750.0
472.26404083475535,715.0
472.36853199413355,723.0
472.4730138745211,741.0
472.57748647358676,736.0
472.681949789,740.0
472.7864038184298,754.0
472.8908485595454,747.0
472.99528401001584,730.0
473.09971016751024,714.0
473.2041270296979,748.0
473.30853459424776,738.0
473.4129328588291,738.0
473.51732182111095,735.0
473.6217014787626,732.0
473.726071829453,709.0
473.83043287085144,744.0
473.9347846006269,723.0
474.03912701644873,740.0
474.14346011598593,755.0
474.2477838969076,744.0
474.352098356883,726.0
474.4564034935812,716.0
474.56069930467135,741.0
474.66498578782256,742.0
474.76926294070404,708.0
474.87353076098475,742.0
474.9777892463341,724.0
475.08203839442103,721.0
475.18627820291476,715.0
475.2905086694844,741.0
475.3947297917991,751.0
475.4989415675279,725.0
475.6031439943401,734.0
475.7073370699048,733.0
475.81152079189104,750.0
475.91569515796795,743.0
476.01986016580486,736.0
476.12401581307074,739.0
476.2281620974348,752.0
476.33229901656614,729.0
476.43642656813387,722.0
476.5405447498072,742.0
476.6446535592553,750.0
476.74875299414714,735.0
476.85284305215197,737.0
476.95692373093897,736.0
477.0609950281772,719.0
477.16505694153585,741.0
477.269109468684,744.0
477.3731526072909,746.0
477.47718635502554,749.0
477.5812107095571,741.0
477.68522566855484,747.0
477.7892312296877,740.0
477.893227390625,738.0
477.99721414903576,745.0
478.1011915025892,746.0
478.20515944895436,737.0
478.3091179858005,746.0
478.4130671107966,726.0
478.517006821612,748.0
478.62093711591564,740.0
478.7248579913767,737.0
478.82876944566453,741.0
478.932671476448,747.0
479.03656408139636,750.0
479.14044725817877,743.0
479.2443210044643,733.0
479.34818531792206,752.0
479.4520401962214,743.0
479.5558856370312,753.0
479.65972163802076,767.0
479.76354819685906,729.0
479.8673653112155,728.0
479.971172978759,726.0
480.07497119715873,734.0
480.1787599640839,724.0
480.28253927720357,733.0
480.38630913418694,753.0
480.49006953270316,729.0
480.59382047042124,726.0
480.6975619450104,734.0
480.80129395413985,724.0
480.90501649547866,725.0
481.008729566696,736.0
481.1124331654609,741.0
481.2161272894427,713.0
481.3198119363103,734.0
481.423487103733,744.0
481.5271527893799,722.0
481.63080899092,730.0
481.73445570602274,738.0
481.83809293235703,723.0
481.94172066759205,712.0
482.045338909397,739.0
482.14894765544096,735.0
482.252546903393,705.0
482.3561366509224,737.0
482.45971689569825,765.0
482.5632876353896,722.0
482.66684886766575,731.0
482.77040059019566,737.0
482.8739428006486,734.0
482.97747549669367,732.0
483.08099867600004,732.0
483.1845123362367,719.0
483.28801647507294,723.0
483.3915110901779,726.0
483.4949961792207,734.0
483.5984717398703,711.0
483.70193776979613,730.0
483.8053942666672,736.0
483.9088412281526,712.0
484.01227865192146,711.0
484.115706535643,731.0
484.21912487698626,734.0
484.32253367362057,722.0
484.4259329232149,716.0
484.52932262343825,742.0
484.6327027719601,718.0
484.7360733664494,763.0
484.8394344045753,748.0
484.9427858840069,730.0
485.0461278024135,727.0
485.149460157464,723.0
485.2527829468277,729.0
485.3560961681737,721.0
485.4593998191711,742.0
485.5626938974891,754.0
485.66597840079686,747.0
485.7692533267635,745.0
485.872518673058,768.0
485.97577443734974,750.0
486.0790206173076,726.0
486.182257210601,730.0
486.28548421489893,708.0
486.3887016278705,749.0
486.4919094471848,740.0
486.5951076705112,732.0
486.6982962955186,727.0
486.80147531987626,753.0
486.9046447412533,764.0
487.0078045573189,734.0
487.110954765742,736.0
487.214095364192,735.0
487.3172263503379,721.0
487.42034772184877,707.0
487.52345947639395,736.0
487.62656161164244,744.0
487.7296541252634,749.0
487.83273701492595,755.0
487.93581027829924,747.0
488.0388739130524,754.0
488.1419279168546,735.0
488.244972287375,751.0
488.3480070222826,715.0
488.45103211924675,737.0
488.55404757593647,730.0
488.65705339002085,742.0
488.76004955916915,721.0
488.8630360810504,718.0
488.9660129533337,734.0
489.0689801736884,727.0
489.1719377397834,738.0
489.27488564928797,734.0
489.37782389987126,700.0
489.48075248920236,727.0
489.58367141495035,731.0
489.6865806747845,727.0
489.7894802663739,730.0
489.8923701873876,741.0
489.9952504354948,748.0
490.0981210083648,729.0
490.2009819036664,710.0
490.30383311906894,740.0
490.40667465224163,734.0
490.50950650085355,738.0
490.6123286625737,739.0
490.71514113507135,717.0
490.8179439160156,742.0
490.9207370030756,717.0
491.02352039392053,741.0
491.1262940862195,729.0
491.2290580776415,736.0
491.33181236585597,725.0
491.4345569485318,726.0
491.53729182333825,738.0
491.6400169879444,738.0
491.74273244001944,741.0
491.8454381772324,742.0
491.9481341972525,759.0
492.0508204977489,743.0
492.15349707639064,742.0
492.256163930847,741.0
492.358821058787,739.0
492.46146845787985,709.0
492.56410612579464,747.0
492.6667340602005,754.0
492.7693522587666,735.0
492.87196071916213,730.0
492.9745594390562,729.0
493.0771484161178,744.0
493.1797276480162,733.0
493.2822971324206,769.0
493.384856867,763.0
493.4874068494236,759.0
493.58994707736065,758.0
493.69247754848,742.0
493.79499826045105,727.0
493.89750921094287,738.0
494.00001039762464,741.0
494.10250181816525,723.0
494.20498347023414,719.0
494.3074553515004,728.0
494.409917459633,721.0
494.51236979230123,727.0
494.6148123471742,760.0
494.71724512192094,732.0
494.81966811421074,729.0
494.92208132171265,706.0
495.02448474209575,742.0
495.1268783730294,730.0
495.2292622121825,726.0
495.3316362572244,761.0
495.43400050582403,734.0
495.5363549556506,724.0
495.6386996043733,765.0
495.74103444966124,776.0
495.84335948918357,762.0
495.9456747206093,717.0
496.0479801416078,774.0
496.1502757498481,745.0
496.25256154299933,742.0
496.35483751873056,773.0
496.45710367471105,743.0
496.55936000860976,739.0
496.66160651809605,746.0
496.76384320083895,757.0
496.8660700545076,742.0
496.9682870767711,754.0
497.0704942652987,734.0
497.17269161775937,743.0
497.27487913182244,742.0
497.37705680515694,751.0
497.479224635432,755.0
497.58138262031673,748.0
497.6835307574804,739.0
497.7856690445921,751.0
497.8877974793208,749.0
497.9899160593359,767.0
498.09202478230634,781.0
498.1941236459013,783.0
498.29621264779,780.0
498.3982917856415,786.0
498.50036105712496,777.0
498.6024204599096,783.0
498.7044699916644,766.0
498.80650965005856,784.0
498.90853943276124,767.0
499.01055933744163,829.0
499.11256936176875,808.0
499.2145695034119,806.0
499.31655976004,818.0
499.4185401293223,816.0
499.52051060892796,801.0
499.6224711965262,789.0
499.7244218897859,809.0
499.82636268637646,809.0
499.92829358396693,814.0
500.03021458022636,817.0
500.132125672824,838.0
500.234026859429,827.0
500.33591813771034,833.0
500.4377995053373,851.0
500.53967095997905,832.0
500.64153249930456,857.0
500.7433841209831,861.0
500.84522582268374,857.0
500.94705760207574,838.0
501.04887945682816,848.0
501.15069138461007,829.0
501.25249338309067,815.0
501.3542854499391,843.0
501.4560675828245,822.0
501.55783977941604,804.0
501.65960203738274,811.0
501.76135435439386,793.0
501.8630967281185,782.0
501.9648291562258,804.0
502.0665516363849,792.0
502.1682641662649,792.0
502.26996674353495,761.0
502.3716593658642,785.0
502.47334203092186,790.0
502.57501473637694,791.0
502.6766774798987,794.0
502.7783302591562,797.0
502.8799730718186,761.0
502.981605915555,777.0
503.08322878803466,785.0
503.1848416869265,783.0
503.2864446098999,780.0
503.38803755462385,795.0
503.48962051876754,779.0
503.5911935,779.0
503.69275649599047,793.0
503.79430950440815,790.0
503.89585252292216,774.0
503.9973855492015,792.0
504.09890858091535,795.0
504.2004216157329,785.0
504.30192465132336,798.0
504.4034176853558,775.0
504.5049007154993,792.0
504.60637373942296,763.0
504.7078367547961,778.0
504.80928975928776,781.0
504.91073275056704,775.0
505.0121657263031,747.0
505.1135886841651,766.0
505.2150016218222,760.0
505.31640453694354,753.0
505.4177974271981,775.0
505.51918029025524,781.0
505.62055312378396,793.0
505.7219159254535,778.0
505.82326869293297,781.0
505.92461142389135,762.0
506.02594411599796,769.0
506.1272667669219,763.0
506.22857937433224,740.0
506.3298819358982,759.0
506.43117444928885,774.0
506.5324569121734,754.0
506.633729322221,759.0
506.7349916771007,773.0
506.8362439744817,746.0
506.937486212033,739.0
507.038718387424,757.0
507.1399404983236,771.0
507.2411525424011,760.0
507.34235451732553,751.0
507.44354642076604,776.0
507.5447282503918,763.0
507.64590000387204,762.0
507.7470616788757,769.0
507.8482132730721,764.0
507.9493547841302,774.0
508.05048620971917,772.0
508.1516075475084,754.0
508.2527187951667,742.0
508.3538199503634,747.0
508.4549110107676,750.0
508.5559919740484,735.0
508.657062837875,737.0
508.7581235999165,766.0
508.859174257842,745.0
508.96021480932063,746.0
509.06124525202165,745.0
509.1622655836141,748.0
509.2632758017672,746.0
509.36427590414996,738.0
509.4652658884316,754.0
509.56624575228125,748.0
509.667215493368,729.0
509.7681751093611,737.0
509.8691245979295,726.0
509.97006395674254,731.0
510.0709931834692,739.0
510.1719122757788,742.0
510.2728212313404,736.0
510.37372004782304,739.0
510.47460872289594,755.0
510.5754872542282,735.0
510.67635563948903,755.0
510.77721387634733,765.0
510.87806196247277,727.0
510.97889989553386,757.0
511.0797276732001,739.0
511.18054529314065,733.0
511.2813527530244,762.0
511.38215005052075,745.0
511.4829371832987,729.0
511.58371414902746,725.0
511.68448094537604,760.0
511.7852375700137,748.0
511.8859840206094,738.0
511.98672029483254,727.0
512.0874463903522,747.0
512.1881623048373,743.0
512.2888680359572,748.0
512.389563581381,738.0
512.4902489387779,736.0
512.5909241058168,728.0
512.6915890801671,743.0
512.7922438594976,758.0
512.8928884414778,741.0
512.9935228237766,727.0
513.0941470040635,734.0
513.1947609800071,737.0
513.2953647492769,725.0
513.3959583095419,753.0
513.4965416584714,742.0
513.5971147937344,745.0
513.697677713,739.0
513.7982304139374,733.0
513.8987728942158,761.0
513.9993051515042,753.0
514.0998271834719,751.0
514.200338987788,740.0
514.3008405621214,749.0
514.4013319041414,759.0
514.5018130115175,719.0
514.6022838819181,750.0
514.7027445130129,740.0
514.803194902471,741.0
514.9036350479613,735.0
515.0040649471532,728.0
515.1044845977156,740.0
515.2048939973176,752.0
515.3052931436285,742.0
515.4056820343177,746.0
515.5060606670537,737.0
515.6064290395061,747.0
515.706787149344,732.0
515.8071349942363,751.0
515.9074725718525,743.0
516.0077998798615,753.0
516.1081169159324,774.0
516.2084236777343,737.0
516.3087201629367,746.0
516.4090063692083,757.0
516.5092822942185,753.0
516.6095479356363,749.0
516.7098032911309,767.0
516.8100483583717,815.0
516.9102831350273,785.0
517.0105076187672,811.0
517.1107218072605,804.0
517.2109256981761,790.0
517.3111192891834,883.0
517.4113025779517,868.0
517.5114755621496,855.0
517.6116382394467,833.0
517.711790607512,819.0
517.8119326640145,786.0
517.9120644066236,776.0
518.0121858330083,774.0
518.1122969408376,766.0
518.212397727781,755.0
518.3124881915072,794.0
518.4125683296854,956.0
518.5126381399851,884.0
518.6126976200753,862.0
518.7127467676249,867.0
518.8127855803033,840.0
518.9128140557796,822.0
519.0128321917227,820.0
519.1128399858021,828.0
519.2128374356868,798.0
519.3128245390454,784.0
519.412801293548,781.0
519.5127676968631,779.0
519.6127237466601,760.0
519.7126694406079,783.0
519.812604776376,760.0
519.9125297516331,756.0
520.0124443640487,778.0
520.1123486112917,742.0
520.2122424910314,731.0
520.3121260009367,733.0
520.4119991386771,740.0
520.5118619019215,735.0
520.611714288339,733.0
520.711556295599,756.0
520.8113879213704,733.0
520.9112091633224,730.0
521.011020019124,738.0
521.1108204864445,748.0
521.2106105629531,758.0
521.3103902463188,760.0
521.4101595342108,747.0
521.5099184242982,734.0
521.6096669142503,735.0
521.7094050017361,751.0
521.8091326844245,741.0
521.9088499599851,740.0
522.0085568260866,743.0
522.1082532803986,741.0
522.2079393205898,754.0
522.3076149443297,742.0
522.4072801492872,730.0
522.5069349331316,743.0
522.6065792935317,749.0
522.706213228157,755.0
522.8058367346765,765.0
522.9054498107594,766.0
523.0050524540749,755.0
523.1046446622918,745.0
523.2042264330796,725.0
523.3037977641073,742.0
523.4033586530442,755.0
523.502909097559,741.0
523.6024490953213,769.0
523.7019786440001,735.0
523.8014977412643,719.0
523.9010063847835,726.0
524.0005045722263,748.0
524.0999923012622,727.0
524.1994695695603,728.0
524.2989363747898,747.0
524.3983927146196,731.0
524.497838586719,713.0
524.5972739887571,741.0
524.696698918403,755.0
524.796113373326,718.0
524.8955173511948,723.0
524.9949108496792,738.0
525.094293866448,746.0
525.1936663991702,748.0
525.293028445515,749.0
525.3923800031517,733.0
525.4917210697494,732.0
525.591051642977,745.0
525.690371720504,758.0
525.7896812999993,742.0
525.888980379132,735.0
525.9882689555715,746.0
526.0875470269867,733.0
526.1868145910469,779.0
526.286071645421,837.0
526.3853181877785,814.0
526.4845542157881,845.0
526.5837797271192,873.0
526.6829947194409,866.0
526.7821991904225,835.0
526.8813931377327,855.0
526.9805765590412,841.0
527.0797494520168,891.0
527.1789118143287,878.0
527.2780636436459,829.0
527.3772049376378,826.0
527.4763356939733,761.0
527.5754559103216,761.0
527.674565584352,750.0
527.7736647137335,737.0
527.8727532961352,738.0
527.9718313292263,719.0
528.070898810676,697.0
528.1699557381534,719.0
528.2690021093275,746.0
528.3680379218677,750.0
528.4670631734427,721.0
528.5660778617222,745.0
528.665081984375,723.0
528.7640755390702,738.0
528.8630585234771,745.0
528.9620309352649,736.0
529.0609927721025,729.0
529.159944031659,728.0
529.2588847116041,739.0
529.3578148096061,751.0
529.4567343233348,736.0
529.5556432504591,746.0
529.654541588648,708.0
529.7534293355708,717.0
529.8523064888967,749.0
529.9511730462948,723.0
530.0500290054342,721.0
530.1488743639839,732.0
530.2477091196131,741.0
530.3465332699914,717.0
530.4453468127872,726.0
530.54414974567,748.0
530.6429420663089,740.0
530.7417237723732,718.0
530.8404948615319,731.0
530.9392553314541,726.0
531.038005179809,715.0
531.1367444042655,737.0
531.2354730024933,727.0
531.3341909721609,711.0
531.4328983109378,715.0
531.5315950164933,741.0
531.6302810864961,730.0
531.7289565186154,713.0
531.8276213105207,753.0
531.9262754598808,734.0
532.0249189643649,727.0
532.1235518216424,735.0
532.222174029382,720.0
532.3207855852531,731.0
532.419386486925,749.0
532.5179767320666,725.0
532.616556318347,715.0
532.7151252434355,716.0
532.813683505001,726.0
532.912231100713,734.0
533.0107680282402,734.0
533.1092942852521,739.0
533.2078098694176,735.0
533.3063147784062,718.0
533.4048090098865,733.0
533.5032925615282,740.0
533.601765431,713.0
533.7002276159712,713.0
533.798679114111,732.0
533.8971199230886,730.0
533.9955500405725,736.0
534.0939694642328,743.0
534.1923781917382,742.0
534.2907762207576,731.0
534.3891635489606,763.0
534.487540174016,726.0
534.585906093593,723.0
534.6842613053608,739.0
534.7826058069886,732.0
534.8809395961453,715.0
534.9792626705002,758.0
535.0775750277226,796.0
535.1758766654814,756.0
535.2741675814458,757.0
535.372447773285,733.0
535.4707172386679,722.0
535.5689759752639,737.0
535.6672239807423,727.0
535.7654612527716,730.0
535.8636877890217,716.0
535.9619035871611,721.0
536.0601086448594,720.0
536.1583029597854,730.0
536.2564865296084,718.0
536.3546593519977,714.0
536.4528214246222,714.0
536.550972745151,734.0
536.6491133112532,735.0
536.7472431205986,730.0
536.8453621708553,743.0
536.9434704596931,743.0
537.0415679847811,725.0
537.1396547437884,733.0
537.2377307343838,736.0
537.3357959542369,743.0
537.4338504010166,724.0
537.5318940723919,713.0
537.6299269660324,713.0
537.7279490796068,717.0
537.8259604107844,726.0
537.9239609572344,741.0
538.0219507166258,724.0
538.1199296866279,730.0
538.2178978649097,709.0
538.3158552491404,728.0
538.4138018369891,714.0
538.5117376261251,728.0
538.6096626142172,733.0
538.7075767989347,733.0
538.805480177947,705.0
538.9033727489228,707.0
539.0012545095316,731.0
539.0991254574424,725.0
539.1969855903243,717.0
539.2948349058463,724.0
539.3926734016779,701.0
539.4905010754879,732.0
539.5883179249457,721.0
539.6861239477204,735.0
539.7839191414809,719.0
539.8817035038966,744.0
539.9794770326363,734.0
540.0772397253696,718.0
540.1749915797653,728.0
540.2727325934928,746.0
540.3704627642209,712.0
540.468182089619,710.0
540.5658905673561,752.0
540.6635881951015,721.0
540.7612749705241,729.0
540.8589508912933,746.0
540.9566159550782,715.0
541.0542701595476,722.0
541.1519135023711,733.0
541.2495459812175,728.0
541.3471675937561,713.0
541.444778337656,714.0
541.5423782105863,725.0
541.6399672102164,735.0
541.7375453342149,730.0
541.8351125802513,733.0
541.9326689459949,706.0
542.0302144291145,718.0
542.1277490272794,755.0
542.2252727381588,731.0
542.3227855594214,720.0
542.4202874887369,721.0
542.5177785237744,729.0
542.6152586622027,714.0
542.712727901691,727.0
542.8101862399087,734.0
542.9076336745246,754.0
543.0050702032081,713.0
543.1024958236284,728.0
543.1999105334543,715.0
543.297314330355,731.0
543.394707212,726.0
543.4920891760581,732.0
543.5894602201986,719.0
543.6868203420905,741.0
543.7841695394031,737.0
543.8815078098053,705.0
543.9788351509666,705.0
544.0761515605558,737.0
544.1734570362422,726.0
544.2707515756948,708.0
544.368035176583,724.0
544.4653078365758,729.0
544.5625695533421,719.0
544.6598203245514,714.0
544.7570601478727,729.0
544.8542890209752,705.0
544.9515069415278,709.0
545.0487139071998,718.0
545.1459099156605,699.0
545.2430949645789,724.0
545.340269051624,718.0
545.4374321744651,734.0
545.5345843307714,727.0
545.6317255182116,731.0
545.7288557344556,738.0
545.8259749771718,725.0
545.9230832440298,720.0
546.0201805326985,750.0
546.1172668408473,730.0
546.214342166145,725.0
546.311406506261,725.0
546.4084598588643,740.0
546.505502221624,714.0
546.6025335922095,746.0
546.6995539682895,750.0
546.7965633475336,723.0
546.8935617276106,718.0
546.9905491061899,743.0
547.0875254809405,726.0
547.1844908495315,722.0
547.281445209632,729.0
547.3783885589113,737.0
547.4753208950385,733.0
547.5722422156825,736.0
547.6691525185129,735.0
547.7660518011984,736.0
547.8629400614083,741.0
547.9598172968118,748.0
548.056683505078,753.0
548.153538683876,754.0
548.2503828308751,738.0
548.3472159437441,735.0
548.4440380201523,735.0
548.5408490577692,733.0
548.6376490542632,740.0
548.734438007304,749.0
548.8312159145607,740.0
548.9279827737023,753.0
549.0247385823981,782.0
549.1214833383169,748.0
549.218217039128,741.0
549.3149396825006,754.0
549.4116512661041,750.0
549.5083517876069,765.0
549.6050412446788,754.0
549.7017196349888,738.0
549.7983869562061,754.0
549.8950432059994,772.0
549.9916883820383,757.0
550.0883224819918,757.0
550.184945503529,764.0
550.2815574443191,748.0
550.378158302031,740.0
550.4747480743342,739.0
550.5713267588977,756.0
550.6678943533907,746.0
550.764450855482,746.0
550.8609962628411,761.0
550.9575305731372,760.0
551.0540537840388,755.0
551.150565893216,788.0
551.2470668983373,773.0
551.3435567970718,790.0
551.440035587089,811.0
551.5365032660577,796.0
551.6329598316473,776.0
551.729405281527,775.0
551.8258396133656,756.0
551.9222628248322,741.0
552.0186749135964,772.0
552.115075877327,778.0
552.2114657136932,745.0
552.3078444203642,756.0
552.4042119950091,754.0
552.5005684352969,747.0
552.5969137388971,770.0
552.6932479034786,753.0
552.7895709267104,776.0
552.8858828062619,751.0
552.9821835398019,760.0
553.0784731249998,778.0
553.174751559525,781.0
553.2710188410462,782.0
553.3672749672326,773.0
553.4635199357534,774.0
553.5597537442778,770.0
553.655976390475,779.0
553.7521878720139,777.0
553.8483881865637,798.0
553.9445773317938,780.0
554.040755305373,780.0
554.1369221049706,785.0
554.2330777282557,778.0
554.3292221728975,774.0
554.4253554365652,756.0
554.5214775169277,757.0
554.6175884116543,763.0
554.7136881184139,753.0
554.8097766348761,753.0
554.9058539587097,777.0
555.0019200875839,766.0
555.097975019168,762.0
555.1940187511309,774.0
555.2900512811418,778.0
555.38607260687,757.0
555.4820827259844,755.0
555.5780816361541,781.0
555.6740693350488,760.0
555.7700458203369,762.0
555.8660110896878,750.0
555.961965140771,748.0
556.0579079712552,746.0
556.1538395788097,735.0
556.2497599611036,766.0
556.345669115806,743.0
556.441567040586,751.0
556.5374537331131,762.0
556.633329191056,748.0
556.729193412084,744.0
556.8250463938663,754.0
556.920888134072,747.0
557.0167186303702,728.0
557.11253788043,739.0
557.2083458819208,757.0
557.3041426325112,739.0
557.3999281298709,730.0
557.4957023716687,742.0
557.5914653555739,728.0
557.6872170792556,744.0
557.782957540383,736.0
557.878686736625,731.0
557.9744046656509,747.0
558.07011132513,747.0
558.1658067127311,743.0
558.2614908261237,788.0
558.3571636629766,799.0
558.4528252209591,812.0
558.5484754977405,779.0
558.6441144909896,763.0
558.7397421983758,769.0
558.8353586175681,770.0
558.9309637462355,859.0
559.0265575820476,1050.0
559.1221401226732,1045.0
559.2177113657813,973.0
559.3132713090413,931.0
559.4088199501224,885.0
559.5043572866934,908.0
559.5998833164239,960.0
559.6953980369826,913.0
559.790901446039,859.0
559.8863935412619,847.0
559.9818743203208,926.0
560.0773437808843,873.0
560.1728019206221,814.0
560.2682487372031,813.0
560.3636842282964,842.0
560.4591083915712,814.0
560.5545212246967,798.0
560.6499227253419,859.0
560.7453128911761,838.0
560.8406917198682,803.0
560.9360592090874,808.0
561.0314153565031,738.0
561.1267601597841,736.0
561.2220936165999,741.0
561.3174157246193,738.0
561.4127264815115,737.0
561.5080258849459,735.0
561.6033139325913,742.0
561.698590622117,737.0
561.7938559511921,723.0
561.8891099174858,715.0
561.9843525186672,720.0
562.0795837524055,716.0
562.1748036163697,736.0
562.2700121082289,703.0
562.3652092256524,713.0
562.4603949663094,705.0
562.5555693278689,720.0
562.650732308,721.0
562.745883904372,716.0
562.8410241146537,712.0
562.9361529365146,699.0
563.0312703676238,715.0
563.1263764056504,724.0
563.2214710482633,719.0
563.316554293132,716.0
563.4116261379255,719.0
563.5066865803126,694.0
563.6017356179631,689.0
563.6967732485455,709.0
563.7917994697293,713.0
563.8868142791836,707.0
563.9818176745775,709.0
564.0768096535802,717.0
564.1717902138606,698.0
564.2667593530881,714.0
564.3617170689316,716.0
564.4566633590607,716.0
564.551598221144,697.0
564.6465216528508,712.0
564.7414336518505,710.0
564.8363342158119,696.0
564.9312233424043,716.0
565.0261010292969,720.0
565.1209672741586,716.0
565.2158220746588,701.0
565.3106654284665,710.0
565.4054973332508,713.0
565.5003177866809,688.0
565.595126786426,715.0
565.6899243301552,726.0
565.7847104155376,718.0
565.8794850402425,700.0
565.9742482019386,721.0
566.0689998982956,709.0
566.1637401269821,729.0
566.2584688856676,709.0
566.3531861720212,719.0
566.447891983712,717.0
566.542586318409,715.0
566.6372691737816,722.0
566.7319405474988,718.0
566.8266004372297,722.0
566.9212488406433,725.0
567.0158857554092,707.0
567.110511179196,742.0
567.2051251096731,732.0
567.2997275445098,718.0
567.394318481375,732.0
567.4888979179378,755.0
567.5834658518676,738.0
567.6780222808334,730.0
567.7725672025041,734.0
567.8671006145491,740.0
567.9616225146375,726.0
568.0561329004386,719.0
568.1506317696211,722.0
568.2451191198546,726.0
568.339594948808,729.0
568.4340592541504,726.0
568.5285120335512,722.0
568.6229532846792,688.0
568.7173830052037,732.0
568.8118011927938,699.0
568.9062078451188,700.0
569.0006029598476,709.0
569.0949865346495,717.0
569.1893585671936,717.0
569.283719055149,713.0
569.3780679961848,720.0
569.4724053879703,699.0
569.5667312281745,700.0
569.6610455144665,720.0
569.7553482445156,730.0
569.8496394159907,693.0
569.9439190265614,697.0
570.0381870738963,729.0
570.1324435556647,708.0
570.226688469536,712.0
570.3209218131791,719.0
570.4151435842631,725.0
570.5093537804571,741.0
570.6035523994307,763.0
570.6977394388523,725.0
570.7919148963916,725.0
570.8860787697176,709.0
570.9802310564994,720.0
571.0743717544062,709.0
571.1685008611071,692.0
571.262618374271,707.0
571.3567242915674,706.0
571.4508186106654,712.0
571.5449013292338,700.0
571.638972444942,696.0
571.7330319554593,698.0
571.8270798584545,710.0
571.921116151597,743.0
572.0151408325559,703.0
572.1091538989999,689.0
572.2031553485989,714.0
572.2971451790214,693.0
572.3911233879368,708.0
572.4850899730142,697.0
572.5790449319229,691.0
572.6729882623317,696.0
572.7669199619102,709.0
572.860840028327,711.0
572.9547484592516,705.0
573.048645252353,687.0
573.1425304053005,725.0
573.2364039157628,703.0
573.3302657814097,688.0
573.4241159999099,714.0
573.5179545689325,708.0
573.611781486147,691.0
573.7055967492222,715.0
573.7994003558274,698.0
573.8931923036316,702.0
573.986972590304,702.0
574.0807412135138,696.0
574.1744981709302,690.0
574.268243460222,704.0
574.3619770790586,700.0
574.4556990251093,698.0
574.549409296043,694.0
574.6431078895289,708.0
574.7367948032362,713.0
574.8304700348339,693.0
574.9241335819909,706.0
575.017785442377,696.0
575.1114256136608,687.0
575.2050540935118,680.0
575.2986708795988,718.0
575.3922759695912,699.0
575.4858693611578,717.0
575.5794510519682,705.0
575.6730210396913,685.0
575.7665793219961,678.0
575.8601258965521,702.0
575.9536607610279,721.0
576.0471839130932,694.0
576.1406953504169,695.0
576.234195070668,701.0
576.3276830715158,695.0
576.4211593506296,734.0
576.5146239056781,742.0
576.6080767343308,710.0
576.7015178342568,712.0
576.7949472031249,725.0
576.8883648386047,708.0
576.9817707383652,703.0
577.0751649000754,689.0
577.1685473214045,707.0
577.2619180000216,686.0
577.355276933596,705.0
577.4486241197966,708.0
577.5419595562928,683.0
577.6352832407534,680.0
577.7285951708479,710.0
577.8218953442454,680.0
577.9151837586147,685.0
578.0084604116253,682.0
578.1017253009461,697.0
578.1949784242464,682.0
578.2882197791952,686.0
578.3814493634618,679.0
578.474667174715,703.0
578.5678732106245,686.0
578.661067468859,688.0
578.7542499470877,709.0
578.8474206429798,686.0
578.9405795542045,698.0
579.033726678431,704.0
579.1268620133282,690.0
579.2199855565652,699.0
579.3130973058114,695.0
579.4061972587358,677.0
579.4992854130077,694.0
579.592361766296,705.0
579.68542631627,695.0
579.7784790605987,692.0
579.8715199969513,705.0
579.964549122997,717.0
580.057566436405,701.0
580.150571934844,686.0
580.2435656159839,710.0
580.336547477493,687.0
580.4295175170411,683.0
580.5224757322969,710.0
580.6154221209299,705.0
580.708356680609,690.0
580.8012794090034,693.0
580.8941903037822,681.0
580.9870893626145,690.0
581.0799765831698,702.0
581.1728519631166,696.0
581.2657155001245,684.0
581.3585671918627,697.0
581.451407036,705.0
581.5442350302056,695.0
581.637051172149,705.0
581.7298554594989,698.0
581.8226478899246,714.0
581.9154284610955,682.0
582.0081971706802,688.0
582.1009540163482,699.0
582.1936989957685,678.0
582.2864321066105,694.0
582.379153346543,705.0
582.4718627132353,700.0
582.5645602043566,712.0
582.6572458175758,697.0
582.7499195505623,686.0
582.8425814009851,671.0
582.9352313665133,679.0
583.0278694448162,692.0
583.1204956335629,699.0
583.2131099304225,689.0
583.3057123330641,709.0
583.3983028391567,715.0
583.4908814463696,708.0
583.5834481523722,705.0
583.676002954833,687.0
583.7685458514219,684.0
583.8610768398074,691.0
583.953595917659,700.0
584.0461030826457,690.0
584.1385983324367,687.0
584.231081664701,702.0
584.3235530771079,689.0
584.4160125673266,697.0
584.5084601330258,706.0
584.6008957718751,670.0
584.6933194815435,684.0
584.7857312597002,700.0
584.8781311040144,703.0
584.9705190121548,700.0
585.0628949817911,703.0
585.155259010592,700.0
585.2476110962269,679.0
585.3399512363648,681.0
585.432279428675,695.0
585.5245956708263,685.0
585.6168999604884,687.0
585.7091922953299,714.0
585.8014726730203,756.0
585.8937410912284,760.0
585.9859975476236,737.0
586.078242039875,722.0
586.1704745656516,707.0
586.2626951226229,691.0
586.3549037084574,705.0
586.4471003208248,688.0
586.5392849573941,705.0
586.6314576158344,696.0
586.7236182938148,713.0
586.8157669890044,685.0
586.9079036990724,698.0
587.000028421688,686.0
587.0921411545203,687.0
587.1842418952383,707.0
587.2763306415113,701.0
587.3684073910085,697.0
587.4604721413989,701.0
587.5525248903516,714.0
587.6445656355359,702.0
587.7365943746207,702.0
587.8286111052753,714.0
587.9206158251691,706.0
588.0126085319706,682.0
588.1045892233494,702.0
588.1965578969747,702.0
588.2885145505154,692.0
588.3804591816406,676.0
588.4723917880196,685.0
588.5643123673216,701.0
588.6562209172155,699.0
588.7481174353707,698.0
588.840001919456,687.0
588.9318743671408,725.0
589.0237347760943,781.0
589.1155831439854,770.0
589.2074194684834,737.0
589.2992437472574,716.0
589.3910559779765,727.0
589.4828561583098,701.0
589.5746442859268,745.0
589.666420358496,748.0
589.758184373687,736.0
589.8499363291688,711.0
589.9416762226106,694.0
590.0334040516815,712.0
590.1251198140507,684.0
590.2168235073871,672.0
590.3085151293602,695.0
590.4001946776389,678.0
590.4918621498922,686.0
590.5835175437895,699.0
590.6751608569999,692.0
590.7667920871926,695.0
590.8584112320366,714.0
590.950018289201,701.0
591.041613256355,699.0
591.1331961311679,703.0
591.2247669113085,715.0
591.3163255944462,698.0
591.4078721782502,702.0
591.4994066603894,686.0
591.590929038533,701.0
591.6824393103502,686.0
591.7739374735102,700.0
591.8654235256819,687.0
591.9568974645347,674.0
592.0483592877376,695.0
592.1398089929597,709.0
592.2312465778704,701.0
592.3226720401385,719.0
592.4140853774334,698.0
592.505486587424,700.0
592.5968756677796,700.0
592.6882526161693,678.0
592.7796174302623,684.0
592.8709701077277,708.0
592.9623106462343,703.0
593.053639043452,691.0
593.144955297049,700.0
593.2362594046953,709.0
593.3275513640596,718.0
593.418831172811,685.0
593.5100988286189,719.0
593.6013543291521,715.0
593.69259767208,696.0
593.7838288550714,692.0
593.8750478757962,696.0
593.9662547319226,698.0
594.0574494211204,693.0
594.1486319410585,675.0
594.2398022894059,707.0
594.330960463832,706.0
594.4221064620058,714.0
594.5132402815965,717.0
594.6043619202729,691.0
594.6954713757049,698.0
594.7865686455608,692.0
594.8776537275103,695.0
594.9687266192223,688.0
595.0597873183659,694.0
595.1508358226106,705.0
595.241872129625,706.0
595.3328962370786,701.0
595.4239081426402,708.0
595.5149078439797,679.0
595.6058953387653,707.0
595.6968706246666,708.0
595.7878336993527,703.0
595.8787845604928,675.0
595.9697232057559,678.0
596.0606496328114,693.0
596.151563839328,694.0
596.2424658229752,694.0
596.333355581422,715.0
596.4242331123374,690.0
596.5150984133909,709.0
596.6059514822513,713.0
596.696792316588,710.0
596.78762091407,696.0
596.8784372723663,731.0
596.9692413891464,716.0
597.060033262079,722.0
597.1508128888336,697.0
597.2415802670791,709.0
597.3323353944847,695.0
597.4230782687198,680.0
597.5138088874531,707.0
597.6045272483541,703.0
597.6952333490916,697.0
597.7859271873351,712.0
597.8766087607535,707.0
597.9672780670161,685.0
598.0579351037917,675.0
598.1485798687498,706.0
598.2392123595595,709.0
598.3298325738898,707.0
598.4204405094099,708.0
598.511036163789,682.0
598.601619534696,682.0
598.6921906198003,719.0
598.7827494167709,692.0
598.8732959232769,689.0
598.9638301369878,669.0
599.0543520555722,700.0
599.1448616766995,679.0
599.235358998039,699.0
599.3258440172597,701.0
599.4163167320306,676.0
599.506777140021,688.0
599.5972252388998,700.0
599.6876610263364,698.0
599.7780845000001,684.0
599.8684956575595,689.0
599.9588944966841,692.0
600.0492810150431,668.0
600.1396552103054,677.0
600.2300170801403,677.0
600.320366622217,675.0
600.4107038342045,673.0
600.5010287137718,654.0
600.5913412585884,673.0
600.681641466323,687.0
600.771929334645,697.0
600.8622048612237,681.0
600.952468043728,666.0
601.0427188798271,672.0
601.1329573671901,685.0
601.2231835034863,673.0
601.3133972863844,670.0
601.4035987135542,682.0
601.4937877826642,668.0
601.5839644913839,679.0
601.6741288373825,673.0
601.7642808183289,661.0
601.8544204318923,658.0
601.9445476757419,669.0
602.0346625475469,662.0
602.1247650449762,666.0
602.2148551656992,662.0
602.3049329073849,677.0
602.3949982677025,654.0
602.485051244321,660.0
602.5750918349097,673.0
602.6651200371376,653.0
602.7551358486741,650.0
602.8451392671881,671.0
602.9351302903486,670.0
603.0251089158252,662.0
603.1150751412864,645.0
603.205028964402,670.0
603.2949703828408,653.0
603.384899394272,653.0
603.4748159963647,647.0
603.564720186788,644.0
603.6546119632112,642.0
603.7444913233032,646.0
603.8343582647334,652.0
603.9242127851707,648.0
604.0140548822844,639.0
